"EMAIL","PRENOM","NOM","SMS","ENTREPRISE","SECTEUR","VILLE","ADRESSE","TELEPHONE","SITE_WEB","NOTE_GOOGLE","NB_AVIS","AVIS_SANS_REPONSE","EMAIL_OBJET","EMAIL_CORPS","RELANCE_1_OBJET","RELANCE_1_CORPS","RELANCE_2_OBJET","RELANCE_2_CORPS"
"jean.leroy@drjeanleroy.fr","Jean","Leroy","+33687187599","Dr. Jean Leroy","Santé","Grenoble","110 rue de la Paix 22018 Grenoble","+33366357778","","3.7","491","279","Jean, 93 avis attendent votre réponse","Jean,\n\nVotre établissement Dr. Jean Leroy a 491 avis Google et 279 sont restés sans réponse.\n\nChaque avis ignoré coûte des clients à votre établissement.\n\nReplyShield répond automatiquement à chaque avis en 30 secondes.\n\nEssai gratuit 14 jours :\nhttps://replyshield.io/essai-gratuit\n\nManus de ReplyShield","Juste un rappel, Jean 👋","Jean, avez-vous eu le temps de regarder ?\nEssai gratuit : https://replyshield.io/essai-gratuit","Dernier message, promis.","Je ferme votre dossier demain Jean. Offre toujours disponible : https://replyshield.io/essai-gratuit"
"stéphane.martin@électricitéstéphane.fr","Stéphane","Martin","+33677940659","Électricité Stéphane","Artisanat","Bordeaux","157 rue de la Paix 91277 Bordeaux","+33571128799","https://www.électricitéstéphane.fr","4.5","3150","2709","Stéphane, 61 avis attendent votre réponse","Stéphane,\n\nVotre établissement Électricité Stéphane a 3150 avis Google et 2709 sont restés sans réponse.\n\nChaque avis ignoré coûte des clients à votre établissement.\n\nReplyShield répond automatiquement à chaque avis en 30 secondes.\n\nEssai gratuit 14 jours :\nhttps://replyshield.io/essai-gratuit\n\nManus de ReplyShield","Juste un rappel, Stéphane 👋","Stéphane, avez-vous eu le temps de regarder ?\nEssai gratuit : https://replyshield.io/essai-gratuit","Dernier message, promis.","Je ferme votre dossier demain Stéphane. Offre toujours disponible : https://replyshield.io/essai-gratuit"
"aurélie.bertrand@aubergeaurélie.fr","Aurélie","Bertrand","+33643978094","Auberge Aurélie","Hôtellerie","Nantes","72 rue de la Paix 82303 Nantes","+33472067673","","4.4","1669","1151","Aurélie, 89 avis attendent votre réponse","Aurélie,\n\nVotre établissement Auberge Aurélie a 1669 avis Google et 1151 sont restés sans réponse.\n\nChaque avis ignoré coûte des clients à votre établissement.\n\nReplyShield répond automatiquement à chaque avis en 30 secondes.\n\nEssai gratuit 14 jours :\nhttps://replyshield.io/essai-gratuit\n\nManus de ReplyShield","Juste un rappel, Aurélie 👋","Aurélie, avez-vous eu le temps de regarder ?\nEssai gratuit : https://replyshield.io/essai-gratuit","Dernier message, promis.","Je ferme votre dossier demain Aurélie. Offre toujours disponible : https://replyshield.io/essai-gratuit"
"nicolas.simon@laverienicolas.fr","Nicolas","Simon","+33622857578","Laverie Nicolas","Services","Strasbourg","56 rue de la Paix 86097 Strasbourg","+33523164790","https://www.laverienicolas.fr","4.1","1063","754","Nicolas, 77 avis attendent votre réponse","Nicolas,\n\nVotre établissement Laverie Nicolas a 1063 avis Google et 754 sont restés sans réponse.\n\nChaque avis ignoré coûte des clients à votre établissement.\n\nReplyShield répond automatiquement à chaque avis en 30 secondes.\n\nEssai gratuit 14 jours :\nhttps://replyshield.io/essai-gratuit\n\nManus de ReplyShield","Juste un rappel, Nicolas 👋","Nicolas, avez-vous eu le temps de regarder ?\nEssai gratuit : https://replyshield.io/essai-gratuit","Dernier message, promis.","Je ferme votre dossier demain Nicolas. Offre toujours disponible : https://replyshield.io/essai-gratuit"
"sophie.vincent@lecomptoirsophie.fr","Sophie","Vincent","+33626242724","Le Comptoir Sophie","Restauration","Nice","53 rue de la Paix 89540 Nice","+33575680349","","4.3","3211","2344","Sophie, 91 avis attendent votre réponse","Sophie,\n\nVotre établissement Le Comptoir Sophie a 3211 avis Google et 2344 sont restés sans réponse.\n\nChaque avis ignoré coûte des clients à votre établissement.\n\nReplyShield répond automatiquement à chaque avis en 30 secondes.\n\nEssai gratuit 14 jours :\nhttps://replyshield.io/essai-gratuit\n\nManus de ReplyShield","Juste un rappel, Sophie 👋","Sophie, avez-vous eu le temps de regarder ?\nEssai gratuit : https://replyshield.io/essai-gratuit","Dernier message, promis.","Je ferme votre dossier demain Sophie. Offre toujours disponible : https://replyshield.io/essai-gratuit"
"céline.richard@nettoyagecéline.fr","Céline","Richard","+33623523838","Nettoyage Céline","Services","Nantes","73 rue de la Paix 32543 Nantes","+33329303391","https://www.nettoyagecéline.fr","3.6","3764","3462","Céline, 62 avis attendent votre réponse","Céline,\n\nVotre établissement Nettoyage Céline a 3764 avis Google et 3462 sont restés sans réponse.\n\nChaque avis ignoré coûte des clients à votre établissement.\n\nReplyShield répond automatiquement à chaque avis en 30 secondes.\n\nEssai gratuit 14 jours :\nhttps://replyshield.io/essai-gratuit\n\nManus de ReplyShield","Juste un rappel, Céline 👋","Céline, avez-vous eu le temps de regarder ?\nEssai gratuit : https://replyshield.io/essai-gratuit","Dernier message, promis.","Je ferme votre dossier demain Céline. Offre toujours disponible : https://replyshield.io/essai-gratuit"
"thomas.michel@lebistrotthomas.fr","Thomas","Michel","+33660473663","Le Bistrot Thomas","Restauration","Montpellier","103 rue de la Paix 32599 Montpellier","+33463030786","https://www.lebistrotthomas.fr","4.3","3006","1863","Thomas, 58 avis attendent votre réponse","Thomas,\n\nVotre établissement Le Bistrot Thomas a 3006 avis Google et 1863 sont restés sans réponse.\n\nChaque avis ignoré coûte des clients à votre établissement.\n\nReplyShield répond automatiquement à chaque avis en 30 secondes.\n\nEssai gratuit 14 jours :\nhttps://replyshield.io/essai-gratuit\n\nManus de ReplyShield","Juste un rappel, Thomas 👋","Thomas, avez-vous eu le temps de regarder ?\nEssai gratuit : https://replyshield.io/essai-gratuit","Dernier message, promis.","Je ferme votre dossier demain Thomas. Offre toujours disponible : https://replyshield.io/essai-gratuit"
"nathalie.garcia@peinturenathalie.fr","Nathalie","Garcia","+33632869818","Peinture Nathalie","Artisanat","Lille","23 rue de la Paix 33518 Lille","+33243959315","","3.8","1002","851","Nathalie, 62 avis attendent votre réponse","Nathalie,\n\nVotre établissement Peinture Nathalie a 1002 avis Google et 851 sont restés sans réponse.\n\nChaque avis ignoré coûte des clients à votre établissement.\n\nReplyShield répond automatiquement à chaque avis en 30 secondes.\n\nEssai gratuit 14 jours :\nhttps://replyshield.io/essai-gratuit\n\nManus de ReplyShield","Juste un rappel, Nathalie 👋","Nathalie, avez-vous eu le temps de regarder ?\nEssai gratuit : https://replyshield.io/essai-gratuit","Dernier message, promis.","Je ferme votre dossier demain Nathalie. Offre toujours disponible : https://replyshield.io/essai-gratuit"
"françois.petit@hôtelfrançois.fr","François","Petit","+33642147005","Hôtel François","Hôtellerie","Genève","160 rue de la Paix 89831 Genève","+33463544726","https://www.hôtelfrançois.fr","4.0","778","700","François, 94 avis attendent votre réponse","François,\n\nVotre établissement Hôtel François a 778 avis Google et 700 sont restés sans réponse.\n\nChaque avis ignoré coûte des clients à votre établissement.\n\nReplyShield répond automatiquement à chaque avis en 30 secondes.\n\nEssai gratuit 14 jours :\nhttps://replyshield.io/essai-gratuit\n\nManus de ReplyShield","Juste un rappel, François 👋","François, avez-vous eu le temps de regarder ?\nEssai gratuit : https://replyshield.io/essai-gratuit","Dernier message, promis.","Je ferme votre dossier demain François. Offre toujours disponible : https://replyshield.io/essai-gratuit"
"sophie.robert@barbiersophie.fr","Sophie","Robert","+33621801901","Barbier Sophie","Beauté","Lille","21 rue de la Paix 63072 Lille","+33527547731","https://www.barbiersophie.fr","4.4","1183","851","Sophie, 70 avis attendent votre réponse","Sophie,\n\nVotre établissement Barbier Sophie a 1183 avis Google et 851 sont restés sans réponse.\n\nChaque avis ignoré coûte des clients à votre établissement.\n\nReplyShield répond automatiquement à chaque avis en 30 secondes.\n\nEssai gratuit 14 jours :\nhttps://replyshield.io/essai-gratuit\n\nManus de ReplyShield","Juste un rappel, Sophie 👋","Sophie, avez-vous eu le temps de regarder ?\nEssai gratuit : https://replyshield.io/essai-gratuit","Dernier message, promis.","Je ferme votre dossier demain Sophie. Offre toujours disponible : https://replyshield.io/essai-gratuit"
"stéphane.laurent@garagestéphane.fr","Stéphane","Laurent","+33611361774","Garage Stéphane","Automobile","Paris","39 rue de la Paix 11857 Paris","+33576739151","","4.0","3949","3040","Stéphane, 94 avis attendent votre réponse","Stéphane,\n\nVotre établissement Garage Stéphane a 3949 avis Google et 3040 sont restés sans réponse.\n\nChaque avis ignoré coûte des clients à votre établissement.\n\nReplyShield répond automatiquement à chaque avis en 30 secondes.\n\nEssai gratuit 14 jours :\nhttps://replyshield.io/essai-gratuit\n\nManus de ReplyShield","Juste un rappel, Stéphane 👋","Stéphane, avez-vous eu le temps de regarder ?\nEssai gratuit : https://replyshield.io/essai-gratuit","Dernier message, promis.","Je ferme votre dossier demain Stéphane. Offre toujours disponible : https://replyshield.io/essai-gratuit"
"michel.bertrand@laveriemichel.fr","Michel","Bertrand","+33689673073","Laverie Michel","Services","Bordeaux","182 rue de la Paix 32118 Bordeaux","+33413234532","https://www.laveriemichel.fr","4.1","2799","2267","Michel, 90 avis attendent votre réponse","Michel,\n\nVotre établissement Laverie Michel a 2799 avis Google et 2267 sont restés sans réponse.\n\nChaque avis ignoré coûte des clients à votre établissement.\n\nReplyShield répond automatiquement à chaque avis en 30 secondes.\n\nEssai gratuit 14 jours :\nhttps://replyshield.io/essai-gratuit\n\nManus de ReplyShield","Juste un rappel, Michel 👋","Michel, avez-vous eu le temps de regarder ?\nEssai gratuit : https://replyshield.io/essai-gratuit","Dernier message, promis.","Je ferme votre dossier demain Michel. Offre toujours disponible : https://replyshield.io/essai-gratuit"
"valérie.simon@électricitévalérie.fr","Valérie","Simon","+33631214939","Électricité Valérie","Artisanat","Bruxelles","195 rue de la Paix 52850 Bruxelles","+33527517287","","3.6","4084","3144","Valérie, 87 avis attendent votre réponse","Valérie,\n\nVotre établissement Électricité Valérie a 4084 avis Google et 3144 sont restés sans réponse.\n\nChaque avis ignoré coûte des clients à votre établissement.\n\nReplyShield répond automatiquement à chaque avis en 30 secondes.\n\nEssai gratuit 14 jours :\nhttps://replyshield.io/essai-gratuit\n\nManus de ReplyShield","Juste un rappel, Valérie 👋","Valérie, avez-vous eu le temps de regarder ?\nEssai gratuit : https://replyshield.io/essai-gratuit","Dernier message, promis.","Je ferme votre dossier demain Valérie. Offre toujours disponible : https://replyshield.io/essai-gratuit"
"jean.garcia@cabinetjean.fr","Jean","Garcia","+33646325962","Cabinet Jean","Santé","Montpellier","158 rue de la Paix 76749 Montpellier","+33277690414","https://www.cabinetjean.fr","4.2","3486","2509","Jean, 73 avis attendent votre réponse","Jean,\n\nVotre établissement Cabinet Jean a 3486 avis Google et 2509 sont restés sans réponse.\n\nChaque avis ignoré coûte des clients à votre établissement.\n\nReplyShield répond automatiquement à chaque avis en 30 secondes.\n\nEssai gratuit 14 jours :\nhttps://replyshield.io/essai-gratuit\n\nManus de ReplyShield","Juste un rappel, Jean 👋","Jean, avez-vous eu le temps de regarder ?\nEssai gratuit : https://replyshield.io/essai-gratuit","Dernier message, promis.","Je ferme votre dossier demain Jean. Offre toujours disponible : https://replyshield.io/essai-gratuit"
"claire.michel@épicerieclaire.fr","Claire","Michel","+33614903537","Épicerie Claire","Commerce","Genève","37 rue de la Paix 32794 Genève","+33480013031","https://www.épicerieclaire.fr","4.1","1861","1302","Claire, 77 avis attendent votre réponse","Claire,\n\nVotre établissement Épicerie Claire a 1861 avis Google et 1302 sont restés sans réponse.\n\nChaque avis ignoré coûte des clients à votre établissement.\n\nReplyShield répond automatiquement à chaque avis en 30 secondes.\n\nEssai gratuit 14 jours :\nhttps://replyshield.io/essai-gratuit\n\nManus de ReplyShield","Juste un rappel, Claire 👋","Claire, avez-vous eu le temps de regarder ?\nEssai gratuit : https://replyshield.io/essai-gratuit","Dernier message, promis.","Je ferme votre dossier demain Claire. Offre toujours disponible : https://replyshield.io/essai-gratuit"
"jean.bernard@zenjean.fr","Jean","Bernard","+33690730009","Zen Jean","Beauté","Lyon","147 rue de la Paix 81217 Lyon","+33492494424","","3.6","4494","3954","Jean, 90 avis attendent votre réponse","Jean,\n\nVotre établissement Zen Jean a 4494 avis Google et 3954 sont restés sans réponse.\n\nChaque avis ignoré coûte des clients à votre établissement.\n\nReplyShield répond automatiquement à chaque avis en 30 secondes.\n\nEssai gratuit 14 jours :\nhttps://replyshield.io/essai-gratuit\n\nManus de ReplyShield","Juste un rappel, Jean 👋","Jean, avez-vous eu le temps de regarder ?\nEssai gratuit : https://replyshield.io/essai-gratuit","Dernier message, promis.","Je ferme votre dossier demain Jean. Offre toujours disponible : https://replyshield.io/essai-gratuit"
"nicolas.dubois@drnicolasdubois.fr","Nicolas","Dubois","+33692169320","Dr. Nicolas Dubois","Santé","Toulouse","94 rue de la Paix 23180 Toulouse","+33132257060","","3.6","1429","971","Nicolas, 60 avis attendent votre réponse","Nicolas,\n\nVotre établissement Dr. Nicolas Dubois a 1429 avis Google et 971 sont restés sans réponse.\n\nChaque avis ignoré coûte des clients à votre établissement.\n\nReplyShield répond automatiquement à chaque avis en 30 secondes.\n\nEssai gratuit 14 jours :\nhttps://replyshield.io/essai-gratuit\n\nManus de ReplyShield","Juste un rappel, Nicolas 👋","Nicolas, avez-vous eu le temps de regarder ?\nEssai gratuit : https://replyshield.io/essai-gratuit","Dernier message, promis.","Je ferme votre dossier demain Nicolas. Offre toujours disponible : https://replyshield.io/essai-gratuit"
"david.david@magasindavid.fr","David","David","+33694857830","Magasin David","Commerce","Lyon","166 rue de la Paix 25240 Lyon","+33373966779","https://www.magasindavid.fr","4.5","2199","2067","David, 68 avis attendent votre réponse","David,\n\nVotre établissement Magasin David a 2199 avis Google et 2067 sont restés sans réponse.\n\nChaque avis ignoré coûte des clients à votre établissement.\n\nReplyShield répond automatiquement à chaque avis en 30 secondes.\n\nEssai gratuit 14 jours :\nhttps://replyshield.io/essai-gratuit\n\nManus de ReplyShield","Juste un rappel, David 👋","David, avez-vous eu le temps de regarder ?\nEssai gratuit : https://replyshield.io/essai-gratuit","Dernier message, promis.","Je ferme votre dossier demain David. Offre toujours disponible : https://replyshield.io/essai-gratuit"
"françois.fournier@boutiquefrançois.fr","François","Fournier","+33660281646","Boutique François","Commerce","Grenoble","25 rue de la Paix 89801 Grenoble","+33336954742","https://www.boutiquefrançois.fr","4.5","4218","3627","François, 82 avis attendent votre réponse","François,\n\nVotre établissement Boutique François a 4218 avis Google et 3627 sont restés sans réponse.\n\nChaque avis ignoré coûte des clients à votre établissement.\n\nReplyShield répond automatiquement à chaque avis en 30 secondes.\n\nEssai gratuit 14 jours :\nhttps://replyshield.io/essai-gratuit\n\nManus de ReplyShield","Juste un rappel, François 👋","François, avez-vous eu le temps de regarder ?\nEssai gratuit : https://replyshield.io/essai-gratuit","Dernier message, promis.","Je ferme votre dossier demain François. Offre toujours disponible : https://replyshield.io/essai-gratuit"
"sylvie.bertrand@latabledesylvie.fr","Sylvie","Bertrand","+33612295784","La Table de Sylvie","Restauration","Genève","127 rue de la Paix 83728 Genève","+33156253998","https://www.latabledesylvie.fr","4.0","1329","797","Sylvie, 55 avis attendent votre réponse","Sylvie,\n\nVotre établissement La Table de Sylvie a 1329 avis Google et 797 sont restés sans réponse.\n\nChaque avis ignoré coûte des clients à votre établissement.\n\nReplyShield répond automatiquement à chaque avis en 30 secondes.\n\nEssai gratuit 14 jours :\nhttps://replyshield.io/essai-gratuit\n\nManus de ReplyShield","Juste un rappel, Sylvie 👋","Sylvie, avez-vous eu le temps de regarder ?\nEssai gratuit : https://replyshield.io/essai-gratuit","Dernier message, promis.","Je ferme votre dossier demain Sylvie. Offre toujours disponible : https://replyshield.io/essai-gratuit"
"claire.simon@lecomptoirclaire.fr","Claire","Simon","+33679267062","Le Comptoir Claire","Restauration","Nice","173 rue de la Paix 89452 Nice","+33227379197","https://www.lecomptoirclaire.fr","4.4","1700","1207","Claire, 83 avis attendent votre réponse","Claire,\n\nVotre établissement Le Comptoir Claire a 1700 avis Google et 1207 sont restés sans réponse.\n\nChaque avis ignoré coûte des clients à votre établissement.\n\nReplyShield répond automatiquement à chaque avis en 30 secondes.\n\nEssai gratuit 14 jours :\nhttps://replyshield.io/essai-gratuit\n\nManus de ReplyShield","Juste un rappel, Claire 👋","Claire, avez-vous eu le temps de regarder ?\nEssai gratuit : https://replyshield.io/essai-gratuit","Dernier message, promis.","Je ferme votre dossier demain Claire. Offre toujours disponible : https://replyshield.io/essai-gratuit"
"isabelle.petit@coiffureisabelle.fr","Isabelle","Petit","+33669310984","Coiffure Isabelle","Beauté","Grenoble","51 rue de la Paix 25692 Grenoble","+33413032084","https://www.coiffureisabelle.fr","3.8","4708","3483","Isabelle, 56 avis attendent votre réponse","Isabelle,\n\nVotre établissement Coiffure Isabelle a 4708 avis Google et 3483 sont restés sans réponse.\n\nChaque avis ignoré coûte des clients à votre établissement.\n\nReplyShield répond automatiquement à chaque avis en 30 secondes.\n\nEssai gratuit 14 jours :\nhttps://replyshield.io/essai-gratuit\n\nManus de ReplyShield","Juste un rappel, Isabelle 👋","Isabelle, avez-vous eu le temps de regarder ?\nEssai gratuit : https://replyshield.io/essai-gratuit","Dernier message, promis.","Je ferme votre dossier demain Isabelle. Offre toujours disponible : https://replyshield.io/essai-gratuit"
"marie.dubois@dentistemarie.fr","Marie","Dubois","+33651966770","Dentiste Marie","Santé","Marseille","49 rue de la Paix 70254 Marseille","+33326983782","https://www.dentistemarie.fr","3.9","3091","2658","Marie, 57 avis attendent votre réponse","Marie,\n\nVotre établissement Dentiste Marie a 3091 avis Google et 2658 sont restés sans réponse.\n\nChaque avis ignoré coûte des clients à votre établissement.\n\nReplyShield répond automatiquement à chaque avis en 30 secondes.\n\nEssai gratuit 14 jours :\nhttps://replyshield.io/essai-gratuit\n\nManus de ReplyShield","Juste un rappel, Marie 👋","Marie, avez-vous eu le temps de regarder ?\nEssai gratuit : https://replyshield.io/essai-gratuit","Dernier message, promis.","Je ferme votre dossier demain Marie. Offre toujours disponible : https://replyshield.io/essai-gratuit"
"sophie.robert@aubergesophie.fr","Sophie","Robert","+33622456209","Auberge Sophie","Hôtellerie","Grenoble","110 rue de la Paix 28348 Grenoble","+33585007683","https://www.aubergesophie.fr","4.3","1415","962","Sophie, 63 avis attendent votre réponse","Sophie,\n\nVotre établissement Auberge Sophie a 1415 avis Google et 962 sont restés sans réponse.\n\nChaque avis ignoré coûte des clients à votre établissement.\n\nReplyShield répond automatiquement à chaque avis en 30 secondes.\n\nEssai gratuit 14 jours :\nhttps://replyshield.io/essai-gratuit\n\nManus de ReplyShield","Juste un rappel, Sophie 👋","Sophie, avez-vous eu le temps de regarder ?\nEssai gratuit : https://replyshield.io/essai-gratuit","Dernier message, promis.","Je ferme votre dossier demain Sophie. Offre toujours disponible : https://replyshield.io/essai-gratuit"
"david.garcia@lecomptoirdavid.fr","David","Garcia","+33664480584","Le Comptoir David","Restauration","Genève","108 rue de la Paix 64519 Genève","+33229507899","https://www.lecomptoirdavid.fr","3.6","1142","959","David, 85 avis attendent votre réponse","David,\n\nVotre établissement Le Comptoir David a 1142 avis Google et 959 sont restés sans réponse.\n\nChaque avis ignoré coûte des clients à votre établissement.\n\nReplyShield répond automatiquement à chaque avis en 30 secondes.\n\nEssai gratuit 14 jours :\nhttps://replyshield.io/essai-gratuit\n\nManus de ReplyShield","Juste un rappel, David 👋","David, avez-vous eu le temps de regarder ?\nEssai gratuit : https://replyshield.io/essai-gratuit","Dernier message, promis.","Je ferme votre dossier demain David. Offre toujours disponible : https://replyshield.io/essai-gratuit"
"aurélie.david@centremédicalaurélie.fr","Aurélie","David","+33624393578","Centre Médical Aurélie","Santé","Grenoble","36 rue de la Paix 65603 Grenoble","+33526057107","https://www.centremédicalaurélie.fr","4.4","4218","3500","Aurélie, 78 avis attendent votre réponse","Aurélie,\n\nVotre établissement Centre Médical Aurélie a 4218 avis Google et 3500 sont restés sans réponse.\n\nChaque avis ignoré coûte des clients à votre établissement.\n\nReplyShield répond automatiquement à chaque avis en 30 secondes.\n\nEssai gratuit 14 jours :\nhttps://replyshield.io/essai-gratuit\n\nManus de ReplyShield","Juste un rappel, Aurélie 👋","Aurélie, avez-vous eu le temps de regarder ?\nEssai gratuit : https://replyshield.io/essai-gratuit","Dernier message, promis.","Je ferme votre dossier demain Aurélie. Offre toujours disponible : https://replyshield.io/essai-gratuit"
"marie.lefebvre@centreautomarie.fr","Marie","Lefebvre","+33698808263","Centre Auto Marie","Automobile","Lyon","70 rue de la Paix 70304 Lyon","+33523285314","https://www.centreautomarie.fr","3.7","4495","2472","Marie, 81 avis attendent votre réponse","Marie,\n\nVotre établissement Centre Auto Marie a 4495 avis Google et 2472 sont restés sans réponse.\n\nChaque avis ignoré coûte des clients à votre établissement.\n\nReplyShield répond automatiquement à chaque avis en 30 secondes.\n\nEssai gratuit 14 jours :\nhttps://replyshield.io/essai-gratuit\n\nManus de ReplyShield","Juste un rappel, Marie 👋","Marie, avez-vous eu le temps de regarder ?\nEssai gratuit : https://replyshield.io/essai-gratuit","Dernier message, promis.","Je ferme votre dossier demain Marie. Offre toujours disponible : https://replyshield.io/essai-gratuit"
"lucie.thomas@garagelucie.fr","Lucie","Thomas","+33645500386","Garage Lucie","Automobile","Montpellier","51 rue de la Paix 40577 Montpellier","+33138363367","https://www.garagelucie.fr","3.5","2059","1791","Lucie, 84 avis attendent votre réponse","Lucie,\n\nVotre établissement Garage Lucie a 2059 avis Google et 1791 sont restés sans réponse.\n\nChaque avis ignoré coûte des clients à votre établissement.\n\nReplyShield répond automatiquement à chaque avis en 30 secondes.\n\nEssai gratuit 14 jours :\nhttps://replyshield.io/essai-gratuit\n\nManus de ReplyShield","Juste un rappel, Lucie 👋","Lucie, avez-vous eu le temps de regarder ?\nEssai gratuit : https://replyshield.io/essai-gratuit","Dernier message, promis.","Je ferme votre dossier demain Lucie. Offre toujours disponible : https://replyshield.io/essai-gratuit"
"marie.thomas@laubergemarie.fr","Marie","Thomas","+33653709322","L'Auberge Marie","Restauration","Paris","158 rue de la Paix 12437 Paris","+33561693095","","3.5","3136","2383","Marie, 72 avis attendent votre réponse","Marie,\n\nVotre établissement L'Auberge Marie a 3136 avis Google et 2383 sont restés sans réponse.\n\nChaque avis ignoré coûte des clients à votre établissement.\n\nReplyShield répond automatiquement à chaque avis en 30 secondes.\n\nEssai gratuit 14 jours :\nhttps://replyshield.io/essai-gratuit\n\nManus de ReplyShield","Juste un rappel, Marie 👋","Marie, avez-vous eu le temps de regarder ?\nEssai gratuit : https://replyshield.io/essai-gratuit","Dernier message, promis.","Je ferme votre dossier demain Marie. Offre toujours disponible : https://replyshield.io/essai-gratuit"
"pierre.vincent@kinépierre.fr","Pierre","Vincent","+33666755172","Kiné Pierre","Santé","Strasbourg","75 rue de la Paix 50438 Strasbourg","+33444192077","","4.0","2279","1845","Pierre, 86 avis attendent votre réponse","Pierre,\n\nVotre établissement Kiné Pierre a 2279 avis Google et 1845 sont restés sans réponse.\n\nChaque avis ignoré coûte des clients à votre établissement.\n\nReplyShield répond automatiquement à chaque avis en 30 secondes.\n\nEssai gratuit 14 jours :\nhttps://replyshield.io/essai-gratuit\n\nManus de ReplyShield","Juste un rappel, Pierre 👋","Pierre, avez-vous eu le temps de regarder ?\nEssai gratuit : https://replyshield.io/essai-gratuit","Dernier message, promis.","Je ferme votre dossier demain Pierre. Offre toujours disponible : https://replyshield.io/essai-gratuit"
"arnaud.fournier@barbierarnaud.fr","Arnaud","Fournier","+33624633815","Barbier Arnaud","Beauté","Lyon","192 rue de la Paix 75156 Lyon","+33172618128","https://www.barbierarnaud.fr","3.7","801","744","Arnaud, 86 avis attendent votre réponse","Arnaud,\n\nVotre établissement Barbier Arnaud a 801 avis Google et 744 sont restés sans réponse.\n\nChaque avis ignoré coûte des clients à votre établissement.\n\nReplyShield répond automatiquement à chaque avis en 30 secondes.\n\nEssai gratuit 14 jours :\nhttps://replyshield.io/essai-gratuit\n\nManus de ReplyShield","Juste un rappel, Arnaud 👋","Arnaud, avez-vous eu le temps de regarder ?\nEssai gratuit : https://replyshield.io/essai-gratuit","Dernier message, promis.","Je ferme votre dossier demain Arnaud. Offre toujours disponible : https://replyshield.io/essai-gratuit"
"arnaud.lefebvre@aubergearnaud.fr","Arnaud","Lefebvre","+33674831742","Auberge Arnaud","Hôtellerie","Strasbourg","23 rue de la Paix 11377 Strasbourg","+33210575270","","4.1","4679","3696","Arnaud, 77 avis attendent votre réponse","Arnaud,\n\nVotre établissement Auberge Arnaud a 4679 avis Google et 3696 sont restés sans réponse.\n\nChaque avis ignoré coûte des clients à votre établissement.\n\nReplyShield répond automatiquement à chaque avis en 30 secondes.\n\nEssai gratuit 14 jours :\nhttps://replyshield.io/essai-gratuit\n\nManus de ReplyShield","Juste un rappel, Arnaud 👋","Arnaud, avez-vous eu le temps de regarder ?\nEssai gratuit : https://replyshield.io/essai-gratuit","Dernier message, promis.","Je ferme votre dossier demain Arnaud. Offre toujours disponible : https://replyshield.io/essai-gratuit"
"marie.simon@pressingmarie.fr","Marie","Simon","+33614533595","Pressing Marie","Services","Lille","88 rue de la Paix 94259 Lille","+33497791047","https://www.pressingmarie.fr","3.9","2954","2776","Marie, 58 avis attendent votre réponse","Marie,\n\nVotre établissement Pressing Marie a 2954 avis Google et 2776 sont restés sans réponse.\n\nChaque avis ignoré coûte des clients à votre établissement.\n\nReplyShield répond automatiquement à chaque avis en 30 secondes.\n\nEssai gratuit 14 jours :\nhttps://replyshield.io/essai-gratuit\n\nManus de ReplyShield","Juste un rappel, Marie 👋","Marie, avez-vous eu le temps de regarder ?\nEssai gratuit : https://replyshield.io/essai-gratuit","Dernier message, promis.","Je ferme votre dossier demain Marie. Offre toujours disponible : https://replyshield.io/essai-gratuit"
"michel.fournier@centreautomichel.fr","Michel","Fournier","+33698278268","Centre Auto Michel","Automobile","Bordeaux","88 rue de la Paix 59315 Bordeaux","+33131492664","","3.5","1842","1326","Michel, 59 avis attendent votre réponse","Michel,\n\nVotre établissement Centre Auto Michel a 1842 avis Google et 1326 sont restés sans réponse.\n\nChaque avis ignoré coûte des clients à votre établissement.\n\nReplyShield répond automatiquement à chaque avis en 30 secondes.\n\nEssai gratuit 14 jours :\nhttps://replyshield.io/essai-gratuit\n\nManus de ReplyShield","Juste un rappel, Michel 👋","Michel, avez-vous eu le temps de regarder ?\nEssai gratuit : https://replyshield.io/essai-gratuit","Dernier message, promis.","Je ferme votre dossier demain Michel. Offre toujours disponible : https://replyshield.io/essai-gratuit"
"nathalie.petit@peinturenathalie.fr","Nathalie","Petit","+33665886389","Peinture Nathalie","Artisanat","Montpellier","141 rue de la Paix 73587 Montpellier","+33364052888","https://www.peinturenathalie.fr","4.2","320","224","Nathalie, 70 avis attendent votre réponse","Nathalie,\n\nVotre établissement Peinture Nathalie a 320 avis Google et 224 sont restés sans réponse.\n\nChaque avis ignoré coûte des clients à votre établissement.\n\nReplyShield répond automatiquement à chaque avis en 30 secondes.\n\nEssai gratuit 14 jours :\nhttps://replyshield.io/essai-gratuit\n\nManus de ReplyShield","Juste un rappel, Nathalie 👋","Nathalie, avez-vous eu le temps de regarder ?\nEssai gratuit : https://replyshield.io/essai-gratuit","Dernier message, promis.","Je ferme votre dossier demain Nathalie. Offre toujours disponible : https://replyshield.io/essai-gratuit"
"valérie.durand@plomberievalérie.fr","Valérie","Durand","+33640954682","Plomberie Valérie","Artisanat","Toulouse","62 rue de la Paix 20342 Toulouse","+33257981060","https://www.plomberievalérie.fr","4.3","2349","1738","Valérie, 87 avis attendent votre réponse","Valérie,\n\nVotre établissement Plomberie Valérie a 2349 avis Google et 1738 sont restés sans réponse.\n\nChaque avis ignoré coûte des clients à votre établissement.\n\nReplyShield répond automatiquement à chaque avis en 30 secondes.\n\nEssai gratuit 14 jours :\nhttps://replyshield.io/essai-gratuit\n\nManus de ReplyShield","Juste un rappel, Valérie 👋","Valérie, avez-vous eu le temps de regarder ?\nEssai gratuit : https://replyshield.io/essai-gratuit","Dernier message, promis.","Je ferme votre dossier demain Valérie. Offre toujours disponible : https://replyshield.io/essai-gratuit"
"françois.richard@carrosseriefrançois.fr","François","Richard","+33694861138","Carrosserie François","Automobile","Lille","199 rue de la Paix 43598 Lille","+33141277930","https://www.carrosseriefrançois.fr","3.9","3751","2438","François, 89 avis attendent votre réponse","François,\n\nVotre établissement Carrosserie François a 3751 avis Google et 2438 sont restés sans réponse.\n\nChaque avis ignoré coûte des clients à votre établissement.\n\nReplyShield répond automatiquement à chaque avis en 30 secondes.\n\nEssai gratuit 14 jours :\nhttps://replyshield.io/essai-gratuit\n\nManus de ReplyShield","Juste un rappel, François 👋","François, avez-vous eu le temps de regarder ?\nEssai gratuit : https://replyshield.io/essai-gratuit","Dernier message, promis.","Je ferme votre dossier demain François. Offre toujours disponible : https://replyshield.io/essai-gratuit"
"aurélie.martin@hôtelaurélie.fr","Aurélie","Martin","+33628700798","Hôtel Aurélie","Hôtellerie","Grenoble","155 rue de la Paix 86711 Grenoble","+33220955546","https://www.hôtelaurélie.fr","4.1","2099","1826","Aurélie, 73 avis attendent votre réponse","Aurélie,\n\nVotre établissement Hôtel Aurélie a 2099 avis Google et 1826 sont restés sans réponse.\n\nChaque avis ignoré coûte des clients à votre établissement.\n\nReplyShield répond automatiquement à chaque avis en 30 secondes.\n\nEssai gratuit 14 jours :\nhttps://replyshield.io/essai-gratuit\n\nManus de ReplyShield","Juste un rappel, Aurélie 👋","Aurélie, avez-vous eu le temps de regarder ?\nEssai gratuit : https://replyshield.io/essai-gratuit","Dernier message, promis.","Je ferme votre dossier demain Aurélie. Offre toujours disponible : https://replyshield.io/essai-gratuit"
"françois.robert@salonfrançois.fr","François","Robert","+33653440721","Salon François","Beauté","Nantes","126 rue de la Paix 39104 Nantes","+33567676004","https://www.salonfrançois.fr","4.5","1140","832","François, 86 avis attendent votre réponse","François,\n\nVotre établissement Salon François a 1140 avis Google et 832 sont restés sans réponse.\n\nChaque avis ignoré coûte des clients à votre établissement.\n\nReplyShield répond automatiquement à chaque avis en 30 secondes.\n\nEssai gratuit 14 jours :\nhttps://replyshield.io/essai-gratuit\n\nManus de ReplyShield","Juste un rappel, François 👋","François, avez-vous eu le temps de regarder ?\nEssai gratuit : https://replyshield.io/essai-gratuit","Dernier message, promis.","Je ferme votre dossier demain François. Offre toujours disponible : https://replyshield.io/essai-gratuit"
"arnaud.durand@garagearnaud.fr","Arnaud","Durand","+33697349741","Garage Arnaud","Automobile","Lyon","117 rue de la Paix 58501 Lyon","+33268647316","https://www.garagearnaud.fr","4.2","4794","4074","Arnaud, 85 avis attendent votre réponse","Arnaud,\n\nVotre établissement Garage Arnaud a 4794 avis Google et 4074 sont restés sans réponse.\n\nChaque avis ignoré coûte des clients à votre établissement.\n\nReplyShield répond automatiquement à chaque avis en 30 secondes.\n\nEssai gratuit 14 jours :\nhttps://replyshield.io/essai-gratuit\n\nManus de ReplyShield","Juste un rappel, Arnaud 👋","Arnaud, avez-vous eu le temps de regarder ?\nEssai gratuit : https://replyshield.io/essai-gratuit","Dernier message, promis.","Je ferme votre dossier demain Arnaud. Offre toujours disponible : https://replyshield.io/essai-gratuit"
"nicolas.simon@centremédicalnicolas.fr","Nicolas","Simon","+33680232387","Centre Médical Nicolas","Santé","Bordeaux","122 rue de la Paix 51929 Bordeaux","+33340494389","https://www.centremédicalnicolas.fr","4.4","92","70","Nicolas, 66 avis attendent votre réponse","Nicolas,\n\nVotre établissement Centre Médical Nicolas a 92 avis Google et 70 sont restés sans réponse.\n\nChaque avis ignoré coûte des clients à votre établissement.\n\nReplyShield répond automatiquement à chaque avis en 30 secondes.\n\nEssai gratuit 14 jours :\nhttps://replyshield.io/essai-gratuit\n\nManus de ReplyShield","Juste un rappel, Nicolas 👋","Nicolas, avez-vous eu le temps de regarder ?\nEssai gratuit : https://replyshield.io/essai-gratuit","Dernier message, promis.","Je ferme votre dossier demain Nicolas. Offre toujours disponible : https://replyshield.io/essai-gratuit"
"nathalie.dubois@épicerienathalie.fr","Nathalie","Dubois","+33618765052","Épicerie Nathalie","Commerce","Bordeaux","195 rue de la Paix 73029 Bordeaux","+33382932214","https://www.épicerienathalie.fr","3.6","1380","800","Nathalie, 92 avis attendent votre réponse","Nathalie,\n\nVotre établissement Épicerie Nathalie a 1380 avis Google et 800 sont restés sans réponse.\n\nChaque avis ignoré coûte des clients à votre établissement.\n\nReplyShield répond automatiquement à chaque avis en 30 secondes.\n\nEssai gratuit 14 jours :\nhttps://replyshield.io/essai-gratuit\n\nManus de ReplyShield","Juste un rappel, Nathalie 👋","Nathalie, avez-vous eu le temps de regarder ?\nEssai gratuit : https://replyshield.io/essai-gratuit","Dernier message, promis.","Je ferme votre dossier demain Nathalie. Offre toujours disponible : https://replyshield.io/essai-gratuit"
"françois.thomas@boulangeriefrançois.fr","François","Thomas","+33642195591","Boulangerie François","Commerce","Nice","136 rue de la Paix 36774 Nice","+33436051656","https://www.boulangeriefrançois.fr","4.3","3508","2806","François, 77 avis attendent votre réponse","François,\n\nVotre établissement Boulangerie François a 3508 avis Google et 2806 sont restés sans réponse.\n\nChaque avis ignoré coûte des clients à votre établissement.\n\nReplyShield répond automatiquement à chaque avis en 30 secondes.\n\nEssai gratuit 14 jours :\nhttps://replyshield.io/essai-gratuit\n\nManus de ReplyShield","Juste un rappel, François 👋","François, avez-vous eu le temps de regarder ?\nEssai gratuit : https://replyshield.io/essai-gratuit","Dernier message, promis.","Je ferme votre dossier demain François. Offre toujours disponible : https://replyshield.io/essai-gratuit"
"céline.durand@centreautocéline.fr","Céline","Durand","+33697638072","Centre Auto Céline","Automobile","Bruxelles","21 rue de la Paix 51586 Bruxelles","+33563383016","","4.0","2302","2002","Céline, 84 avis attendent votre réponse","Céline,\n\nVotre établissement Centre Auto Céline a 2302 avis Google et 2002 sont restés sans réponse.\n\nChaque avis ignoré coûte des clients à votre établissement.\n\nReplyShield répond automatiquement à chaque avis en 30 secondes.\n\nEssai gratuit 14 jours :\nhttps://replyshield.io/essai-gratuit\n\nManus de ReplyShield","Juste un rappel, Céline 👋","Céline, avez-vous eu le temps de regarder ?\nEssai gratuit : https://replyshield.io/essai-gratuit","Dernier message, promis.","Je ferme votre dossier demain Céline. Offre toujours disponible : https://replyshield.io/essai-gratuit"
"patrick.vincent@dentistepatrick.fr","Patrick","Vincent","+33646780886","Dentiste Patrick","Santé","Lyon","59 rue de la Paix 51132 Lyon","+33290154660","https://www.dentistepatrick.fr","3.8","1721","1428","Patrick, 68 avis attendent votre réponse","Patrick,\n\nVotre établissement Dentiste Patrick a 1721 avis Google et 1428 sont restés sans réponse.\n\nChaque avis ignoré coûte des clients à votre établissement.\n\nReplyShield répond automatiquement à chaque avis en 30 secondes.\n\nEssai gratuit 14 jours :\nhttps://replyshield.io/essai-gratuit\n\nManus de ReplyShield","Juste un rappel, Patrick 👋","Patrick, avez-vous eu le temps de regarder ?\nEssai gratuit : https://replyshield.io/essai-gratuit","Dernier message, promis.","Je ferme votre dossier demain Patrick. Offre toujours disponible : https://replyshield.io/essai-gratuit"
"sophie.richard@centremédicalsophie.fr","Sophie","Richard","+33676334841","Centre Médical Sophie","Santé","Bruxelles","26 rue de la Paix 64587 Bruxelles","+33143169967","https://www.centremédicalsophie.fr","4.3","3864","2241","Sophie, 86 avis attendent votre réponse","Sophie,\n\nVotre établissement Centre Médical Sophie a 3864 avis Google et 2241 sont restés sans réponse.\n\nChaque avis ignoré coûte des clients à votre établissement.\n\nReplyShield répond automatiquement à chaque avis en 30 secondes.\n\nEssai gratuit 14 jours :\nhttps://replyshield.io/essai-gratuit\n\nManus de ReplyShield","Juste un rappel, Sophie 👋","Sophie, avez-vous eu le temps de regarder ?\nEssai gratuit : https://replyshield.io/essai-gratuit","Dernier message, promis.","Je ferme votre dossier demain Sophie. Offre toujours disponible : https://replyshield.io/essai-gratuit"
"isabelle.thomas@épicerieisabelle.fr","Isabelle","Thomas","+33651329126","Épicerie Isabelle","Commerce","Strasbourg","195 rue de la Paix 49817 Strasbourg","+33360714731","https://www.épicerieisabelle.fr","4.0","4192","3269","Isabelle, 93 avis attendent votre réponse","Isabelle,\n\nVotre établissement Épicerie Isabelle a 4192 avis Google et 3269 sont restés sans réponse.\n\nChaque avis ignoré coûte des clients à votre établissement.\n\nReplyShield répond automatiquement à chaque avis en 30 secondes.\n\nEssai gratuit 14 jours :\nhttps://replyshield.io/essai-gratuit\n\nManus de ReplyShield","Juste un rappel, Isabelle 👋","Isabelle, avez-vous eu le temps de regarder ?\nEssai gratuit : https://replyshield.io/essai-gratuit","Dernier message, promis.","Je ferme votre dossier demain Isabelle. Offre toujours disponible : https://replyshield.io/essai-gratuit"
"valérie.roux@conciergerievalérie.fr","Valérie","Roux","+33657019224","Conciergerie Valérie","Services","Strasbourg","96 rue de la Paix 44226 Strasbourg","+33411927936","","4.1","2832","1925","Valérie, 95 avis attendent votre réponse","Valérie,\n\nVotre établissement Conciergerie Valérie a 2832 avis Google et 1925 sont restés sans réponse.\n\nChaque avis ignoré coûte des clients à votre établissement.\n\nReplyShield répond automatiquement à chaque avis en 30 secondes.\n\nEssai gratuit 14 jours :\nhttps://replyshield.io/essai-gratuit\n\nManus de ReplyShield","Juste un rappel, Valérie 👋","Valérie, avez-vous eu le temps de regarder ?\nEssai gratuit : https://replyshield.io/essai-gratuit","Dernier message, promis.","Je ferme votre dossier demain Valérie. Offre toujours disponible : https://replyshield.io/essai-gratuit"
"claire.thomas@institutclaire.fr","Claire","Thomas","+33652212015","Institut Claire","Beauté","Grenoble","16 rue de la Paix 31468 Grenoble","+33379594205","","4.0","724","644","Claire, 89 avis attendent votre réponse","Claire,\n\nVotre établissement Institut Claire a 724 avis Google et 644 sont restés sans réponse.\n\nChaque avis ignoré coûte des clients à votre établissement.\n\nReplyShield répond automatiquement à chaque avis en 30 secondes.\n\nEssai gratuit 14 jours :\nhttps://replyshield.io/essai-gratuit\n\nManus de ReplyShield","Juste un rappel, Claire 👋","Claire, avez-vous eu le temps de regarder ?\nEssai gratuit : https://replyshield.io/essai-gratuit","Dernier message, promis.","Je ferme votre dossier demain Claire. Offre toujours disponible : https://replyshield.io/essai-gratuit"
"claire.michel@carrosserieclaire.fr","Claire","Michel","+33627597456","Carrosserie Claire","Automobile","Bordeaux","55 rue de la Paix 52525 Bordeaux","+33596212940","https://www.carrosserieclaire.fr","4.3","3301","2145","Claire, 73 avis attendent votre réponse","Claire,\n\nVotre établissement Carrosserie Claire a 3301 avis Google et 2145 sont restés sans réponse.\n\nChaque avis ignoré coûte des clients à votre établissement.\n\nReplyShield répond automatiquement à chaque avis en 30 secondes.\n\nEssai gratuit 14 jours :\nhttps://replyshield.io/essai-gratuit\n\nManus de ReplyShield","Juste un rappel, Claire 👋","Claire, avez-vous eu le temps de regarder ?\nEssai gratuit : https://replyshield.io/essai-gratuit","Dernier message, promis.","Je ferme votre dossier demain Claire. Offre toujours disponible : https://replyshield.io/essai-gratuit"
"nathalie.garcia@drnathaliegarcia.fr","Nathalie","Garcia","+33696292185","Dr. Nathalie Garcia","Santé","Paris","28 rue de la Paix 29102 Paris","+33293726328","https://www.drnathaliegarcia.fr","4.5","3583","2149","Nathalie, 73 avis attendent votre réponse","Nathalie,\n\nVotre établissement Dr. Nathalie Garcia a 3583 avis Google et 2149 sont restés sans réponse.\n\nChaque avis ignoré coûte des clients à votre établissement.\n\nReplyShield répond automatiquement à chaque avis en 30 secondes.\n\nEssai gratuit 14 jours :\nhttps://replyshield.io/essai-gratuit\n\nManus de ReplyShield","Juste un rappel, Nathalie 👋","Nathalie, avez-vous eu le temps de regarder ?\nEssai gratuit : https://replyshield.io/essai-gratuit","Dernier message, promis.","Je ferme votre dossier demain Nathalie. Offre toujours disponible : https://replyshield.io/essai-gratuit"
"céline.moreau@électricitécéline.fr","Céline","Moreau","+33625252618","Électricité Céline","Artisanat","Bruxelles","149 rue de la Paix 13041 Bruxelles","+33161073581","https://www.électricitécéline.fr","4.4","3404","2791","Céline, 59 avis attendent votre réponse","Céline,\n\nVotre établissement Électricité Céline a 3404 avis Google et 2791 sont restés sans réponse.\n\nChaque avis ignoré coûte des clients à votre établissement.\n\nReplyShield répond automatiquement à chaque avis en 30 secondes.\n\nEssai gratuit 14 jours :\nhttps://replyshield.io/essai-gratuit\n\nManus de ReplyShield","Juste un rappel, Céline 👋","Céline, avez-vous eu le temps de regarder ?\nEssai gratuit : https://replyshield.io/essai-gratuit","Dernier message, promis.","Je ferme votre dossier demain Céline. Offre toujours disponible : https://replyshield.io/essai-gratuit"
"céline.martin@autoservicecéline.fr","Céline","Martin","+33621014627","Auto Service Céline","Automobile","Paris","5 rue de la Paix 61632 Paris","+33553001384","","3.8","1276","1046","Céline, 62 avis attendent votre réponse","Céline,\n\nVotre établissement Auto Service Céline a 1276 avis Google et 1046 sont restés sans réponse.\n\nChaque avis ignoré coûte des clients à votre établissement.\n\nReplyShield répond automatiquement à chaque avis en 30 secondes.\n\nEssai gratuit 14 jours :\nhttps://replyshield.io/essai-gratuit\n\nManus de ReplyShield","Juste un rappel, Céline 👋","Céline, avez-vous eu le temps de regarder ?\nEssai gratuit : https://replyshield.io/essai-gratuit","Dernier message, promis.","Je ferme votre dossier demain Céline. Offre toujours disponible : https://replyshield.io/essai-gratuit"
"david.richard@pizzeriadavid.fr","David","Richard","+33612713403","Pizzeria David","Restauration","Marseille","88 rue de la Paix 44236 Marseille","+33273338351","https://www.pizzeriadavid.fr","4.2","1799","1403","David, 65 avis attendent votre réponse","David,\n\nVotre établissement Pizzeria David a 1799 avis Google et 1403 sont restés sans réponse.\n\nChaque avis ignoré coûte des clients à votre établissement.\n\nReplyShield répond automatiquement à chaque avis en 30 secondes.\n\nEssai gratuit 14 jours :\nhttps://replyshield.io/essai-gratuit\n\nManus de ReplyShield","Juste un rappel, David 👋","David, avez-vous eu le temps de regarder ?\nEssai gratuit : https://replyshield.io/essai-gratuit","Dernier message, promis.","Je ferme votre dossier demain David. Offre toujours disponible : https://replyshield.io/essai-gratuit"
"françois.durand@menuiseriefrançois.fr","François","Durand","+33634890922","Menuiserie François","Artisanat","Genève","36 rue de la Paix 77947 Genève","+33484270589","","4.1","1535","1458","François, 94 avis attendent votre réponse","François,\n\nVotre établissement Menuiserie François a 1535 avis Google et 1458 sont restés sans réponse.\n\nChaque avis ignoré coûte des clients à votre établissement.\n\nReplyShield répond automatiquement à chaque avis en 30 secondes.\n\nEssai gratuit 14 jours :\nhttps://replyshield.io/essai-gratuit\n\nManus de ReplyShield","Juste un rappel, François 👋","François, avez-vous eu le temps de regarder ?\nEssai gratuit : https://replyshield.io/essai-gratuit","Dernier message, promis.","Je ferme votre dossier demain François. Offre toujours disponible : https://replyshield.io/essai-gratuit"
"marie.vincent@centreautomarie.fr","Marie","Vincent","+33679104563","Centre Auto Marie","Automobile","Rennes","28 rue de la Paix 15240 Rennes","+33261215786","","3.5","206","160","Marie, 76 avis attendent votre réponse","Marie,\n\nVotre établissement Centre Auto Marie a 206 avis Google et 160 sont restés sans réponse.\n\nChaque avis ignoré coûte des clients à votre établissement.\n\nReplyShield répond automatiquement à chaque avis en 30 secondes.\n\nEssai gratuit 14 jours :\nhttps://replyshield.io/essai-gratuit\n\nManus de ReplyShield","Juste un rappel, Marie 👋","Marie, avez-vous eu le temps de regarder ?\nEssai gratuit : https://replyshield.io/essai-gratuit","Dernier message, promis.","Je ferme votre dossier demain Marie. Offre toujours disponible : https://replyshield.io/essai-gratuit"
"nicolas.leroy@dentistenicolas.fr","Nicolas","Leroy","+33637213096","Dentiste Nicolas","Santé","Lille","114 rue de la Paix 14943 Lille","+33597102292","https://www.dentistenicolas.fr","4.4","3108","2952","Nicolas, 60 avis attendent votre réponse","Nicolas,\n\nVotre établissement Dentiste Nicolas a 3108 avis Google et 2952 sont restés sans réponse.\n\nChaque avis ignoré coûte des clients à votre établissement.\n\nReplyShield répond automatiquement à chaque avis en 30 secondes.\n\nEssai gratuit 14 jours :\nhttps://replyshield.io/essai-gratuit\n\nManus de ReplyShield","Juste un rappel, Nicolas 👋","Nicolas, avez-vous eu le temps de regarder ?\nEssai gratuit : https://replyshield.io/essai-gratuit","Dernier message, promis.","Je ferme votre dossier demain Nicolas. Offre toujours disponible : https://replyshield.io/essai-gratuit"
"sylvie.durand@hôtelsylvie.fr","Sylvie","Durand","+33680275153","Hôtel Sylvie","Hôtellerie","Lyon","194 rue de la Paix 10107 Lyon","+33299040770","https://www.hôtelsylvie.fr","3.8","989","830","Sylvie, 61 avis attendent votre réponse","Sylvie,\n\nVotre établissement Hôtel Sylvie a 989 avis Google et 830 sont restés sans réponse.\n\nChaque avis ignoré coûte des clients à votre établissement.\n\nReplyShield répond automatiquement à chaque avis en 30 secondes.\n\nEssai gratuit 14 jours :\nhttps://replyshield.io/essai-gratuit\n\nManus de ReplyShield","Juste un rappel, Sylvie 👋","Sylvie, avez-vous eu le temps de regarder ?\nEssai gratuit : https://replyshield.io/essai-gratuit","Dernier message, promis.","Je ferme votre dossier demain Sylvie. Offre toujours disponible : https://replyshield.io/essai-gratuit"
"jean.fournier@espacebeautéjean.fr","Jean","Fournier","+33664933906","Espace Beauté Jean","Beauté","Toulouse","14 rue de la Paix 83489 Toulouse","+33314210808","https://www.espacebeautéjean.fr","4.1","2353","1458","Jean, 77 avis attendent votre réponse","Jean,\n\nVotre établissement Espace Beauté Jean a 2353 avis Google et 1458 sont restés sans réponse.\n\nChaque avis ignoré coûte des clients à votre établissement.\n\nReplyShield répond automatiquement à chaque avis en 30 secondes.\n\nEssai gratuit 14 jours :\nhttps://replyshield.io/essai-gratuit\n\nManus de ReplyShield","Juste un rappel, Jean 👋","Jean, avez-vous eu le temps de regarder ?\nEssai gratuit : https://replyshield.io/essai-gratuit","Dernier message, promis.","Je ferme votre dossier demain Jean. Offre toujours disponible : https://replyshield.io/essai-gratuit"
"isabelle.thomas@conciergerieisabelle.fr","Isabelle","Thomas","+33688481027","Conciergerie Isabelle","Services","Nantes","199 rue de la Paix 82614 Nantes","+33551565074","https://www.conciergerieisabelle.fr","4.4","4242","2333","Isabelle, 82 avis attendent votre réponse","Isabelle,\n\nVotre établissement Conciergerie Isabelle a 4242 avis Google et 2333 sont restés sans réponse.\n\nChaque avis ignoré coûte des clients à votre établissement.\n\nReplyShield répond automatiquement à chaque avis en 30 secondes.\n\nEssai gratuit 14 jours :\nhttps://replyshield.io/essai-gratuit\n\nManus de ReplyShield","Juste un rappel, Isabelle 👋","Isabelle, avez-vous eu le temps de regarder ?\nEssai gratuit : https://replyshield.io/essai-gratuit","Dernier message, promis.","Je ferme votre dossier demain Isabelle. Offre toujours disponible : https://replyshield.io/essai-gratuit"
"claire.bernard@pressingclaire.fr","Claire","Bernard","+33616922536","Pressing Claire","Services","Paris","56 rue de la Paix 89551 Paris","+33592278493","","3.6","4031","2902","Claire, 74 avis attendent votre réponse","Claire,\n\nVotre établissement Pressing Claire a 4031 avis Google et 2902 sont restés sans réponse.\n\nChaque avis ignoré coûte des clients à votre établissement.\n\nReplyShield répond automatiquement à chaque avis en 30 secondes.\n\nEssai gratuit 14 jours :\nhttps://replyshield.io/essai-gratuit\n\nManus de ReplyShield","Juste un rappel, Claire 👋","Claire, avez-vous eu le temps de regarder ?\nEssai gratuit : https://replyshield.io/essai-gratuit","Dernier message, promis.","Je ferme votre dossier demain Claire. Offre toujours disponible : https://replyshield.io/essai-gratuit"
"aurélie.roux@nettoyageaurélie.fr","Aurélie","Roux","+33663645045","Nettoyage Aurélie","Services","Nice","186 rue de la Paix 33216 Nice","+33423420239","https://www.nettoyageaurélie.fr","4.5","4944","4400","Aurélie, 59 avis attendent votre réponse","Aurélie,\n\nVotre établissement Nettoyage Aurélie a 4944 avis Google et 4400 sont restés sans réponse.\n\nChaque avis ignoré coûte des clients à votre établissement.\n\nReplyShield répond automatiquement à chaque avis en 30 secondes.\n\nEssai gratuit 14 jours :\nhttps://replyshield.io/essai-gratuit\n\nManus de ReplyShield","Juste un rappel, Aurélie 👋","Aurélie, avez-vous eu le temps de regarder ?\nEssai gratuit : https://replyshield.io/essai-gratuit","Dernier message, promis.","Je ferme votre dossier demain Aurélie. Offre toujours disponible : https://replyshield.io/essai-gratuit"
"aurélie.thomas@laverieaurélie.fr","Aurélie","Thomas","+33632372794","Laverie Aurélie","Services","Paris","97 rue de la Paix 84365 Paris","+33439697871","","3.8","994","576","Aurélie, 93 avis attendent votre réponse","Aurélie,\n\nVotre établissement Laverie Aurélie a 994 avis Google et 576 sont restés sans réponse.\n\nChaque avis ignoré coûte des clients à votre établissement.\n\nReplyShield répond automatiquement à chaque avis en 30 secondes.\n\nEssai gratuit 14 jours :\nhttps://replyshield.io/essai-gratuit\n\nManus de ReplyShield","Juste un rappel, Aurélie 👋","Aurélie, avez-vous eu le temps de regarder ?\nEssai gratuit : https://replyshield.io/essai-gratuit","Dernier message, promis.","Je ferme votre dossier demain Aurélie. Offre toujours disponible : https://replyshield.io/essai-gratuit"
"stéphane.durand@laveriestéphane.fr","Stéphane","Durand","+33678296301","Laverie Stéphane","Services","Nice","153 rue de la Paix 57087 Nice","+33281756624","","3.6","276","165","Stéphane, 56 avis attendent votre réponse","Stéphane,\n\nVotre établissement Laverie Stéphane a 276 avis Google et 165 sont restés sans réponse.\n\nChaque avis ignoré coûte des clients à votre établissement.\n\nReplyShield répond automatiquement à chaque avis en 30 secondes.\n\nEssai gratuit 14 jours :\nhttps://replyshield.io/essai-gratuit\n\nManus de ReplyShield","Juste un rappel, Stéphane 👋","Stéphane, avez-vous eu le temps de regarder ?\nEssai gratuit : https://replyshield.io/essai-gratuit","Dernier message, promis.","Je ferme votre dossier demain Stéphane. Offre toujours disponible : https://replyshield.io/essai-gratuit"
"marie.robert@plomberiemarie.fr","Marie","Robert","+33665245341","Plomberie Marie","Artisanat","Nantes","82 rue de la Paix 18318 Nantes","+33342880257","","3.6","2037","1201","Marie, 77 avis attendent votre réponse","Marie,\n\nVotre établissement Plomberie Marie a 2037 avis Google et 1201 sont restés sans réponse.\n\nChaque avis ignoré coûte des clients à votre établissement.\n\nReplyShield répond automatiquement à chaque avis en 30 secondes.\n\nEssai gratuit 14 jours :\nhttps://replyshield.io/essai-gratuit\n\nManus de ReplyShield","Juste un rappel, Marie 👋","Marie, avez-vous eu le temps de regarder ?\nEssai gratuit : https://replyshield.io/essai-gratuit","Dernier message, promis.","Je ferme votre dossier demain Marie. Offre toujours disponible : https://replyshield.io/essai-gratuit"
"sylvie.simon@menuiseriesylvie.fr","Sylvie","Simon","+33698594206","Menuiserie Sylvie","Artisanat","Strasbourg","49 rue de la Paix 75593 Strasbourg","+33398870500","","3.5","3367","2457","Sylvie, 57 avis attendent votre réponse","Sylvie,\n\nVotre établissement Menuiserie Sylvie a 3367 avis Google et 2457 sont restés sans réponse.\n\nChaque avis ignoré coûte des clients à votre établissement.\n\nReplyShield répond automatiquement à chaque avis en 30 secondes.\n\nEssai gratuit 14 jours :\nhttps://replyshield.io/essai-gratuit\n\nManus de ReplyShield","Juste un rappel, Sylvie 👋","Sylvie, avez-vous eu le temps de regarder ?\nEssai gratuit : https://replyshield.io/essai-gratuit","Dernier message, promis.","Je ferme votre dossier demain Sylvie. Offre toujours disponible : https://replyshield.io/essai-gratuit"
"nathalie.leroy@boutiquenathalie.fr","Nathalie","Leroy","+33693327562","Boutique Nathalie","Commerce","Bruxelles","135 rue de la Paix 26815 Bruxelles","+33388061663","","4.2","4212","3832","Nathalie, 89 avis attendent votre réponse","Nathalie,\n\nVotre établissement Boutique Nathalie a 4212 avis Google et 3832 sont restés sans réponse.\n\nChaque avis ignoré coûte des clients à votre établissement.\n\nReplyShield répond automatiquement à chaque avis en 30 secondes.\n\nEssai gratuit 14 jours :\nhttps://replyshield.io/essai-gratuit\n\nManus de ReplyShield","Juste un rappel, Nathalie 👋","Nathalie, avez-vous eu le temps de regarder ?\nEssai gratuit : https://replyshield.io/essai-gratuit","Dernier message, promis.","Je ferme votre dossier demain Nathalie. Offre toujours disponible : https://replyshield.io/essai-gratuit"
"thomas.simon@menuiseriethomas.fr","Thomas","Simon","+33611595889","Menuiserie Thomas","Artisanat","Nantes","113 rue de la Paix 10946 Nantes","+33547531605","","3.7","4446","2800","Thomas, 86 avis attendent votre réponse","Thomas,\n\nVotre établissement Menuiserie Thomas a 4446 avis Google et 2800 sont restés sans réponse.\n\nChaque avis ignoré coûte des clients à votre établissement.\n\nReplyShield répond automatiquement à chaque avis en 30 secondes.\n\nEssai gratuit 14 jours :\nhttps://replyshield.io/essai-gratuit\n\nManus de ReplyShield","Juste un rappel, Thomas 👋","Thomas, avez-vous eu le temps de regarder ?\nEssai gratuit : https://replyshield.io/essai-gratuit","Dernier message, promis.","Je ferme votre dossier demain Thomas. Offre toujours disponible : https://replyshield.io/essai-gratuit"
"pierre.lefebvre@drpierrelefebvre.fr","Pierre","Lefebvre","+33679867396","Dr. Pierre Lefebvre","Santé","Nantes","131 rue de la Paix 86269 Nantes","+33137490185","https://www.drpierrelefebvre.fr","4.2","2834","2522","Pierre, 95 avis attendent votre réponse","Pierre,\n\nVotre établissement Dr. Pierre Lefebvre a 2834 avis Google et 2522 sont restés sans réponse.\n\nChaque avis ignoré coûte des clients à votre établissement.\n\nReplyShield répond automatiquement à chaque avis en 30 secondes.\n\nEssai gratuit 14 jours :\nhttps://replyshield.io/essai-gratuit\n\nManus de ReplyShield","Juste un rappel, Pierre 👋","Pierre, avez-vous eu le temps de regarder ?\nEssai gratuit : https://replyshield.io/essai-gratuit","Dernier message, promis.","Je ferme votre dossier demain Pierre. Offre toujours disponible : https://replyshield.io/essai-gratuit"
"jean.moreau@centremédicaljean.fr","Jean","Moreau","+33666810389","Centre Médical Jean","Santé","Bruxelles","176 rue de la Paix 37357 Bruxelles","+33234377309","https://www.centremédicaljean.fr","3.7","3957","2176","Jean, 67 avis attendent votre réponse","Jean,\n\nVotre établissement Centre Médical Jean a 3957 avis Google et 2176 sont restés sans réponse.\n\nChaque avis ignoré coûte des clients à votre établissement.\n\nReplyShield répond automatiquement à chaque avis en 30 secondes.\n\nEssai gratuit 14 jours :\nhttps://replyshield.io/essai-gratuit\n\nManus de ReplyShield","Juste un rappel, Jean 👋","Jean, avez-vous eu le temps de regarder ?\nEssai gratuit : https://replyshield.io/essai-gratuit","Dernier message, promis.","Je ferme votre dossier demain Jean. Offre toujours disponible : https://replyshield.io/essai-gratuit"
"thomas.bernard@lecomptoirthomas.fr","Thomas","Bernard","+33693295341","Le Comptoir Thomas","Restauration","Paris","54 rue de la Paix 75131 Paris","+33391854573","https://www.lecomptoirthomas.fr","4.0","521","369","Thomas, 80 avis attendent votre réponse","Thomas,\n\nVotre établissement Le Comptoir Thomas a 521 avis Google et 369 sont restés sans réponse.\n\nChaque avis ignoré coûte des clients à votre établissement.\n\nReplyShield répond automatiquement à chaque avis en 30 secondes.\n\nEssai gratuit 14 jours :\nhttps://replyshield.io/essai-gratuit\n\nManus de ReplyShield","Juste un rappel, Thomas 👋","Thomas, avez-vous eu le temps de regarder ?\nEssai gratuit : https://replyshield.io/essai-gratuit","Dernier message, promis.","Je ferme votre dossier demain Thomas. Offre toujours disponible : https://replyshield.io/essai-gratuit"
"marie.leroy@zenmarie.fr","Marie","Leroy","+33634064721","Zen Marie","Beauté","Strasbourg","139 rue de la Paix 43906 Strasbourg","+33195107816","https://www.zenmarie.fr","4.4","795","437","Marie, 88 avis attendent votre réponse","Marie,\n\nVotre établissement Zen Marie a 795 avis Google et 437 sont restés sans réponse.\n\nChaque avis ignoré coûte des clients à votre établissement.\n\nReplyShield répond automatiquement à chaque avis en 30 secondes.\n\nEssai gratuit 14 jours :\nhttps://replyshield.io/essai-gratuit\n\nManus de ReplyShield","Juste un rappel, Marie 👋","Marie, avez-vous eu le temps de regarder ?\nEssai gratuit : https://replyshield.io/essai-gratuit","Dernier message, promis.","Je ferme votre dossier demain Marie. Offre toujours disponible : https://replyshield.io/essai-gratuit"
"nicolas.lefebvre@laubergenicolas.fr","Nicolas","Lefebvre","+33680518840","L'Auberge Nicolas","Restauration","Marseille","6 rue de la Paix 57761 Marseille","+33135457982","https://www.laubergenicolas.fr","3.7","1586","1094","Nicolas, 89 avis attendent votre réponse","Nicolas,\n\nVotre établissement L'Auberge Nicolas a 1586 avis Google et 1094 sont restés sans réponse.\n\nChaque avis ignoré coûte des clients à votre établissement.\n\nReplyShield répond automatiquement à chaque avis en 30 secondes.\n\nEssai gratuit 14 jours :\nhttps://replyshield.io/essai-gratuit\n\nManus de ReplyShield","Juste un rappel, Nicolas 👋","Nicolas, avez-vous eu le temps de regarder ?\nEssai gratuit : https://replyshield.io/essai-gratuit","Dernier message, promis.","Je ferme votre dossier demain Nicolas. Offre toujours disponible : https://replyshield.io/essai-gratuit"
"claire.dubois@nettoyageclaire.fr","Claire","Dubois","+33686856425","Nettoyage Claire","Services","Marseille","138 rue de la Paix 71547 Marseille","+33164191070","https://www.nettoyageclaire.fr","3.5","638","433","Claire, 92 avis attendent votre réponse","Claire,\n\nVotre établissement Nettoyage Claire a 638 avis Google et 433 sont restés sans réponse.\n\nChaque avis ignoré coûte des clients à votre établissement.\n\nReplyShield répond automatiquement à chaque avis en 30 secondes.\n\nEssai gratuit 14 jours :\nhttps://replyshield.io/essai-gratuit\n\nManus de ReplyShield","Juste un rappel, Claire 👋","Claire, avez-vous eu le temps de regarder ?\nEssai gratuit : https://replyshield.io/essai-gratuit","Dernier message, promis.","Je ferme votre dossier demain Claire. Offre toujours disponible : https://replyshield.io/essai-gratuit"
"claire.bertrand@menuiserieclaire.fr","Claire","Bertrand","+33673184905","Menuiserie Claire","Artisanat","Montpellier","117 rue de la Paix 21851 Montpellier","+33268558686","https://www.menuiserieclaire.fr","3.9","883","494","Claire, 85 avis attendent votre réponse","Claire,\n\nVotre établissement Menuiserie Claire a 883 avis Google et 494 sont restés sans réponse.\n\nChaque avis ignoré coûte des clients à votre établissement.\n\nReplyShield répond automatiquement à chaque avis en 30 secondes.\n\nEssai gratuit 14 jours :\nhttps://replyshield.io/essai-gratuit\n\nManus de ReplyShield","Juste un rappel, Claire 👋","Claire, avez-vous eu le temps de regarder ?\nEssai gratuit : https://replyshield.io/essai-gratuit","Dernier message, promis.","Je ferme votre dossier demain Claire. Offre toujours disponible : https://replyshield.io/essai-gratuit"
"françois.bertrand@garagefrançois.fr","François","Bertrand","+33624193632","Garage François","Automobile","Grenoble","180 rue de la Paix 62661 Grenoble","+33572411328","https://www.garagefrançois.fr","3.7","265","166","François, 95 avis attendent votre réponse","François,\n\nVotre établissement Garage François a 265 avis Google et 166 sont restés sans réponse.\n\nChaque avis ignoré coûte des clients à votre établissement.\n\nReplyShield répond automatiquement à chaque avis en 30 secondes.\n\nEssai gratuit 14 jours :\nhttps://replyshield.io/essai-gratuit\n\nManus de ReplyShield","Juste un rappel, François 👋","François, avez-vous eu le temps de regarder ?\nEssai gratuit : https://replyshield.io/essai-gratuit","Dernier message, promis.","Je ferme votre dossier demain François. Offre toujours disponible : https://replyshield.io/essai-gratuit"
"sylvie.david@garagesylvie.fr","Sylvie","David","+33680647430","Garage Sylvie","Automobile","Nice","89 rue de la Paix 16595 Nice","+33127573595","","4.3","2388","2149","Sylvie, 85 avis attendent votre réponse","Sylvie,\n\nVotre établissement Garage Sylvie a 2388 avis Google et 2149 sont restés sans réponse.\n\nChaque avis ignoré coûte des clients à votre établissement.\n\nReplyShield répond automatiquement à chaque avis en 30 secondes.\n\nEssai gratuit 14 jours :\nhttps://replyshield.io/essai-gratuit\n\nManus de ReplyShield","Juste un rappel, Sylvie 👋","Sylvie, avez-vous eu le temps de regarder ?\nEssai gratuit : https://replyshield.io/essai-gratuit","Dernier message, promis.","Je ferme votre dossier demain Sylvie. Offre toujours disponible : https://replyshield.io/essai-gratuit"
"céline.robert@pizzeriacéline.fr","Céline","Robert","+33621385776","Pizzeria Céline","Restauration","Montpellier","153 rue de la Paix 87309 Montpellier","+33315877830","","4.4","3402","2449","Céline, 85 avis attendent votre réponse","Céline,\n\nVotre établissement Pizzeria Céline a 3402 avis Google et 2449 sont restés sans réponse.\n\nChaque avis ignoré coûte des clients à votre établissement.\n\nReplyShield répond automatiquement à chaque avis en 30 secondes.\n\nEssai gratuit 14 jours :\nhttps://replyshield.io/essai-gratuit\n\nManus de ReplyShield","Juste un rappel, Céline 👋","Céline, avez-vous eu le temps de regarder ?\nEssai gratuit : https://replyshield.io/essai-gratuit","Dernier message, promis.","Je ferme votre dossier demain Céline. Offre toujours disponible : https://replyshield.io/essai-gratuit"
"sylvie.david@boulangeriesylvie.fr","Sylvie","David","+33669679592","Boulangerie Sylvie","Commerce","Montpellier","53 rue de la Paix 49758 Montpellier","+33344559837","https://www.boulangeriesylvie.fr","4.0","2248","1978","Sylvie, 58 avis attendent votre réponse","Sylvie,\n\nVotre établissement Boulangerie Sylvie a 2248 avis Google et 1978 sont restés sans réponse.\n\nChaque avis ignoré coûte des clients à votre établissement.\n\nReplyShield répond automatiquement à chaque avis en 30 secondes.\n\nEssai gratuit 14 jours :\nhttps://replyshield.io/essai-gratuit\n\nManus de ReplyShield","Juste un rappel, Sylvie 👋","Sylvie, avez-vous eu le temps de regarder ?\nEssai gratuit : https://replyshield.io/essai-gratuit","Dernier message, promis.","Je ferme votre dossier demain Sylvie. Offre toujours disponible : https://replyshield.io/essai-gratuit"
"stéphane.dubois@conciergeriestéphane.fr","Stéphane","Dubois","+33684668368","Conciergerie Stéphane","Services","Lille","196 rue de la Paix 29144 Lille","+33412782798","https://www.conciergeriestéphane.fr","3.8","1587","904","Stéphane, 85 avis attendent votre réponse","Stéphane,\n\nVotre établissement Conciergerie Stéphane a 1587 avis Google et 904 sont restés sans réponse.\n\nChaque avis ignoré coûte des clients à votre établissement.\n\nReplyShield répond automatiquement à chaque avis en 30 secondes.\n\nEssai gratuit 14 jours :\nhttps://replyshield.io/essai-gratuit\n\nManus de ReplyShield","Juste un rappel, Stéphane 👋","Stéphane, avez-vous eu le temps de regarder ?\nEssai gratuit : https://replyshield.io/essai-gratuit","Dernier message, promis.","Je ferme votre dossier demain Stéphane. Offre toujours disponible : https://replyshield.io/essai-gratuit"
"michel.laurent@lecomptoirmichel.fr","Michel","Laurent","+33624045815","Le Comptoir Michel","Restauration","Bordeaux","103 rue de la Paix 30162 Bordeaux","+33577327855","https://www.lecomptoirmichel.fr","3.8","346","321","Michel, 94 avis attendent votre réponse","Michel,\n\nVotre établissement Le Comptoir Michel a 346 avis Google et 321 sont restés sans réponse.\n\nChaque avis ignoré coûte des clients à votre établissement.\n\nReplyShield répond automatiquement à chaque avis en 30 secondes.\n\nEssai gratuit 14 jours :\nhttps://replyshield.io/essai-gratuit\n\nManus de ReplyShield","Juste un rappel, Michel 👋","Michel, avez-vous eu le temps de regarder ?\nEssai gratuit : https://replyshield.io/essai-gratuit","Dernier message, promis.","Je ferme votre dossier demain Michel. Offre toujours disponible : https://replyshield.io/essai-gratuit"
"céline.moreau@boulangeriecéline.fr","Céline","Moreau","+33623785389","Boulangerie Céline","Commerce","Paris","136 rue de la Paix 93849 Paris","+33255411532","https://www.boulangeriecéline.fr","3.7","2449","1518","Céline, 93 avis attendent votre réponse","Céline,\n\nVotre établissement Boulangerie Céline a 2449 avis Google et 1518 sont restés sans réponse.\n\nChaque avis ignoré coûte des clients à votre établissement.\n\nReplyShield répond automatiquement à chaque avis en 30 secondes.\n\nEssai gratuit 14 jours :\nhttps://replyshield.io/essai-gratuit\n\nManus de ReplyShield","Juste un rappel, Céline 👋","Céline, avez-vous eu le temps de regarder ?\nEssai gratuit : https://replyshield.io/essai-gratuit","Dernier message, promis.","Je ferme votre dossier demain Céline. Offre toujours disponible : https://replyshield.io/essai-gratuit"
"valérie.simon@conciergerievalérie.fr","Valérie","Simon","+33646402970","Conciergerie Valérie","Services","Lyon","194 rue de la Paix 69749 Lyon","+33185804840","https://www.conciergerievalérie.fr","3.6","2522","2143","Valérie, 93 avis attendent votre réponse","Valérie,\n\nVotre établissement Conciergerie Valérie a 2522 avis Google et 2143 sont restés sans réponse.\n\nChaque avis ignoré coûte des clients à votre établissement.\n\nReplyShield répond automatiquement à chaque avis en 30 secondes.\n\nEssai gratuit 14 jours :\nhttps://replyshield.io/essai-gratuit\n\nManus de ReplyShield","Juste un rappel, Valérie 👋","Valérie, avez-vous eu le temps de regarder ?\nEssai gratuit : https://replyshield.io/essai-gratuit","Dernier message, promis.","Je ferme votre dossier demain Valérie. Offre toujours disponible : https://replyshield.io/essai-gratuit"
"valérie.vincent@kinévalérie.fr","Valérie","Vincent","+33614765082","Kiné Valérie","Santé","Montpellier","139 rue de la Paix 85446 Montpellier","+33498954612","https://www.kinévalérie.fr","4.2","4677","3227","Valérie, 75 avis attendent votre réponse","Valérie,\n\nVotre établissement Kiné Valérie a 4677 avis Google et 3227 sont restés sans réponse.\n\nChaque avis ignoré coûte des clients à votre établissement.\n\nReplyShield répond automatiquement à chaque avis en 30 secondes.\n\nEssai gratuit 14 jours :\nhttps://replyshield.io/essai-gratuit\n\nManus de ReplyShield","Juste un rappel, Valérie 👋","Valérie, avez-vous eu le temps de regarder ?\nEssai gratuit : https://replyshield.io/essai-gratuit","Dernier message, promis.","Je ferme votre dossier demain Valérie. Offre toujours disponible : https://replyshield.io/essai-gratuit"
"céline.richard@barbiercéline.fr","Céline","Richard","+33673994444","Barbier Céline","Beauté","Lyon","166 rue de la Paix 66748 Lyon","+33389231454","","3.8","924","517","Céline, 76 avis attendent votre réponse","Céline,\n\nVotre établissement Barbier Céline a 924 avis Google et 517 sont restés sans réponse.\n\nChaque avis ignoré coûte des clients à votre établissement.\n\nReplyShield répond automatiquement à chaque avis en 30 secondes.\n\nEssai gratuit 14 jours :\nhttps://replyshield.io/essai-gratuit\n\nManus de ReplyShield","Juste un rappel, Céline 👋","Céline, avez-vous eu le temps de regarder ?\nEssai gratuit : https://replyshield.io/essai-gratuit","Dernier message, promis.","Je ferme votre dossier demain Céline. Offre toujours disponible : https://replyshield.io/essai-gratuit"
"aurélie.garcia@carrosserieaurélie.fr","Aurélie","Garcia","+33683752232","Carrosserie Aurélie","Automobile","Bordeaux","159 rue de la Paix 94617 Bordeaux","+33218674813","https://www.carrosserieaurélie.fr","4.3","4120","3378","Aurélie, 66 avis attendent votre réponse","Aurélie,\n\nVotre établissement Carrosserie Aurélie a 4120 avis Google et 3378 sont restés sans réponse.\n\nChaque avis ignoré coûte des clients à votre établissement.\n\nReplyShield répond automatiquement à chaque avis en 30 secondes.\n\nEssai gratuit 14 jours :\nhttps://replyshield.io/essai-gratuit\n\nManus de ReplyShield","Juste un rappel, Aurélie 👋","Aurélie, avez-vous eu le temps de regarder ?\nEssai gratuit : https://replyshield.io/essai-gratuit","Dernier message, promis.","Je ferme votre dossier demain Aurélie. Offre toujours disponible : https://replyshield.io/essai-gratuit"
"sylvie.martin@centremédicalsylvie.fr","Sylvie","Martin","+33678758692","Centre Médical Sylvie","Santé","Toulouse","74 rue de la Paix 61425 Toulouse","+33144045854","","4.0","114","98","Sylvie, 94 avis attendent votre réponse","Sylvie,\n\nVotre établissement Centre Médical Sylvie a 114 avis Google et 98 sont restés sans réponse.\n\nChaque avis ignoré coûte des clients à votre établissement.\n\nReplyShield répond automatiquement à chaque avis en 30 secondes.\n\nEssai gratuit 14 jours :\nhttps://replyshield.io/essai-gratuit\n\nManus de ReplyShield","Juste un rappel, Sylvie 👋","Sylvie, avez-vous eu le temps de regarder ?\nEssai gratuit : https://replyshield.io/essai-gratuit","Dernier message, promis.","Je ferme votre dossier demain Sylvie. Offre toujours disponible : https://replyshield.io/essai-gratuit"
"céline.bertrand@hôtelcéline.fr","Céline","Bertrand","+33610618947","Hôtel Céline","Hôtellerie","Genève","83 rue de la Paix 71382 Genève","+33232195936","https://www.hôtelcéline.fr","3.8","4028","2255","Céline, 60 avis attendent votre réponse","Céline,\n\nVotre établissement Hôtel Céline a 4028 avis Google et 2255 sont restés sans réponse.\n\nChaque avis ignoré coûte des clients à votre établissement.\n\nReplyShield répond automatiquement à chaque avis en 30 secondes.\n\nEssai gratuit 14 jours :\nhttps://replyshield.io/essai-gratuit\n\nManus de ReplyShield","Juste un rappel, Céline 👋","Céline, avez-vous eu le temps de regarder ?\nEssai gratuit : https://replyshield.io/essai-gratuit","Dernier message, promis.","Je ferme votre dossier demain Céline. Offre toujours disponible : https://replyshield.io/essai-gratuit"
"céline.roux@autoservicecéline.fr","Céline","Roux","+33617435831","Auto Service Céline","Automobile","Bordeaux","83 rue de la Paix 15484 Bordeaux","+33527765496","https://www.autoservicecéline.fr","3.5","3667","2346","Céline, 69 avis attendent votre réponse","Céline,\n\nVotre établissement Auto Service Céline a 3667 avis Google et 2346 sont restés sans réponse.\n\nChaque avis ignoré coûte des clients à votre établissement.\n\nReplyShield répond automatiquement à chaque avis en 30 secondes.\n\nEssai gratuit 14 jours :\nhttps://replyshield.io/essai-gratuit\n\nManus de ReplyShield","Juste un rappel, Céline 👋","Céline, avez-vous eu le temps de regarder ?\nEssai gratuit : https://replyshield.io/essai-gratuit","Dernier message, promis.","Je ferme votre dossier demain Céline. Offre toujours disponible : https://replyshield.io/essai-gratuit"
"patrick.martin@magasinpatrick.fr","Patrick","Martin","+33661486024","Magasin Patrick","Commerce","Genève","46 rue de la Paix 77218 Genève","+33114128688","https://www.magasinpatrick.fr","3.6","4159","3784","Patrick, 61 avis attendent votre réponse","Patrick,\n\nVotre établissement Magasin Patrick a 4159 avis Google et 3784 sont restés sans réponse.\n\nChaque avis ignoré coûte des clients à votre établissement.\n\nReplyShield répond automatiquement à chaque avis en 30 secondes.\n\nEssai gratuit 14 jours :\nhttps://replyshield.io/essai-gratuit\n\nManus de ReplyShield","Juste un rappel, Patrick 👋","Patrick, avez-vous eu le temps de regarder ?\nEssai gratuit : https://replyshield.io/essai-gratuit","Dernier message, promis.","Je ferme votre dossier demain Patrick. Offre toujours disponible : https://replyshield.io/essai-gratuit"
"nicolas.lefebvre@centreautonicolas.fr","Nicolas","Lefebvre","+33657725687","Centre Auto Nicolas","Automobile","Nantes","60 rue de la Paix 62354 Nantes","+33329948829","https://www.centreautonicolas.fr","4.1","4395","4087","Nicolas, 93 avis attendent votre réponse","Nicolas,\n\nVotre établissement Centre Auto Nicolas a 4395 avis Google et 4087 sont restés sans réponse.\n\nChaque avis ignoré coûte des clients à votre établissement.\n\nReplyShield répond automatiquement à chaque avis en 30 secondes.\n\nEssai gratuit 14 jours :\nhttps://replyshield.io/essai-gratuit\n\nManus de ReplyShield","Juste un rappel, Nicolas 👋","Nicolas, avez-vous eu le temps de regarder ?\nEssai gratuit : https://replyshield.io/essai-gratuit","Dernier message, promis.","Je ferme votre dossier demain Nicolas. Offre toujours disponible : https://replyshield.io/essai-gratuit"
"stéphane.dubois@cabinetstéphane.fr","Stéphane","Dubois","+33661257346","Cabinet Stéphane","Santé","Rennes","140 rue de la Paix 49398 Rennes","+33445184370","https://www.cabinetstéphane.fr","3.5","3317","2355","Stéphane, 59 avis attendent votre réponse","Stéphane,\n\nVotre établissement Cabinet Stéphane a 3317 avis Google et 2355 sont restés sans réponse.\n\nChaque avis ignoré coûte des clients à votre établissement.\n\nReplyShield répond automatiquement à chaque avis en 30 secondes.\n\nEssai gratuit 14 jours :\nhttps://replyshield.io/essai-gratuit\n\nManus de ReplyShield","Juste un rappel, Stéphane 👋","Stéphane, avez-vous eu le temps de regarder ?\nEssai gratuit : https://replyshield.io/essai-gratuit","Dernier message, promis.","Je ferme votre dossier demain Stéphane. Offre toujours disponible : https://replyshield.io/essai-gratuit"
"françois.laurent@laubergefrançois.fr","François","Laurent","+33647622274","L'Auberge François","Restauration","Bruxelles","102 rue de la Paix 69214 Bruxelles","+33132901513","https://www.laubergefrançois.fr","4.3","1439","1295","François, 81 avis attendent votre réponse","François,\n\nVotre établissement L'Auberge François a 1439 avis Google et 1295 sont restés sans réponse.\n\nChaque avis ignoré coûte des clients à votre établissement.\n\nReplyShield répond automatiquement à chaque avis en 30 secondes.\n\nEssai gratuit 14 jours :\nhttps://replyshield.io/essai-gratuit\n\nManus de ReplyShield","Juste un rappel, François 👋","François, avez-vous eu le temps de regarder ?\nEssai gratuit : https://replyshield.io/essai-gratuit","Dernier message, promis.","Je ferme votre dossier demain François. Offre toujours disponible : https://replyshield.io/essai-gratuit"
"patrick.michel@peinturepatrick.fr","Patrick","Michel","+33685948414","Peinture Patrick","Artisanat","Paris","63 rue de la Paix 12227 Paris","+33237138139","","3.7","4497","2608","Patrick, 86 avis attendent votre réponse","Patrick,\n\nVotre établissement Peinture Patrick a 4497 avis Google et 2608 sont restés sans réponse.\n\nChaque avis ignoré coûte des clients à votre établissement.\n\nReplyShield répond automatiquement à chaque avis en 30 secondes.\n\nEssai gratuit 14 jours :\nhttps://replyshield.io/essai-gratuit\n\nManus de ReplyShield","Juste un rappel, Patrick 👋","Patrick, avez-vous eu le temps de regarder ?\nEssai gratuit : https://replyshield.io/essai-gratuit","Dernier message, promis.","Je ferme votre dossier demain Patrick. Offre toujours disponible : https://replyshield.io/essai-gratuit"
"inconnu@inconnu.fr","Isabelle","David","+33654357173","Chez Isabelle","Restauration","Lille","63 rue de la Paix 64582 Lille","+33115662504","","4.3","868","598","EMAIL MANQUANT","Isabelle,\n\nVotre établissement Chez Isabelle a 868 avis Google et 598 sont restés sans réponse.\n\nChaque avis ignoré coûte des clients à votre établissement.\n\nReplyShield répond automatiquement à chaque avis en 30 secondes.\n\nEssai gratuit 14 jours :\nhttps://replyshield.io/essai-gratuit\n\nManus de ReplyShield","Juste un rappel, Isabelle 👋","Isabelle, avez-vous eu le temps de regarder ?\nEssai gratuit : https://replyshield.io/essai-gratuit","Dernier message, promis.","Je ferme votre dossier demain Isabelle. Offre toujours disponible : https://replyshield.io/essai-gratuit"
"michel.roux@centremédicalmichel.fr","Michel","Roux","+33657737224","Centre Médical Michel","Santé","Nantes","134 rue de la Paix 31870 Nantes","+33298209222","https://www.centremédicalmichel.fr","3.9","790","481","Michel, 85 avis attendent votre réponse","Michel,\n\nVotre établissement Centre Médical Michel a 790 avis Google et 481 sont restés sans réponse.\n\nChaque avis ignoré coûte des clients à votre établissement.\n\nReplyShield répond automatiquement à chaque avis en 30 secondes.\n\nEssai gratuit 14 jours :\nhttps://replyshield.io/essai-gratuit\n\nManus de ReplyShield","Juste un rappel, Michel 👋","Michel, avez-vous eu le temps de regarder ?\nEssai gratuit : https://replyshield.io/essai-gratuit","Dernier message, promis.","Je ferme votre dossier demain Michel. Offre toujours disponible : https://replyshield.io/essai-gratuit"
"arnaud.moreau@institutarnaud.fr","Arnaud","Moreau","+33671870250","Institut Arnaud","Beauté","Grenoble","60 rue de la Paix 18701 Grenoble","+33546153824","https://www.institutarnaud.fr","4.1","646","529","Arnaud, 84 avis attendent votre réponse","Arnaud,\n\nVotre établissement Institut Arnaud a 646 avis Google et 529 sont restés sans réponse.\n\nChaque avis ignoré coûte des clients à votre établissement.\n\nReplyShield répond automatiquement à chaque avis en 30 secondes.\n\nEssai gratuit 14 jours :\nhttps://replyshield.io/essai-gratuit\n\nManus de ReplyShield","Juste un rappel, Arnaud 👋","Arnaud, avez-vous eu le temps de regarder ?\nEssai gratuit : https://replyshield.io/essai-gratuit","Dernier message, promis.","Je ferme votre dossier demain Arnaud. Offre toujours disponible : https://replyshield.io/essai-gratuit"
"isabelle.fournier@peintureisabelle.fr","Isabelle","Fournier","+33616935082","Peinture Isabelle","Artisanat","Grenoble","82 rue de la Paix 36792 Grenoble","+33523702230","https://www.peintureisabelle.fr","3.9","4271","3630","Isabelle, 83 avis attendent votre réponse","Isabelle,\n\nVotre établissement Peinture Isabelle a 4271 avis Google et 3630 sont restés sans réponse.\n\nChaque avis ignoré coûte des clients à votre établissement.\n\nReplyShield répond automatiquement à chaque avis en 30 secondes.\n\nEssai gratuit 14 jours :\nhttps://replyshield.io/essai-gratuit\n\nManus de ReplyShield","Juste un rappel, Isabelle 👋","Isabelle, avez-vous eu le temps de regarder ?\nEssai gratuit : https://replyshield.io/essai-gratuit","Dernier message, promis.","Je ferme votre dossier demain Isabelle. Offre toujours disponible : https://replyshield.io/essai-gratuit"
"isabelle.richard@chambresdhôtesisabelle.fr","Isabelle","Richard","+33672390712","Chambres d'hôtes Isabelle","Hôtellerie","Lille","7 rue de la Paix 72169 Lille","+33373438966","","4.1","2910","2124","Isabelle, 61 avis attendent votre réponse","Isabelle,\n\nVotre établissement Chambres d'hôtes Isabelle a 2910 avis Google et 2124 sont restés sans réponse.\n\nChaque avis ignoré coûte des clients à votre établissement.\n\nReplyShield répond automatiquement à chaque avis en 30 secondes.\n\nEssai gratuit 14 jours :\nhttps://replyshield.io/essai-gratuit\n\nManus de ReplyShield","Juste un rappel, Isabelle 👋","Isabelle, avez-vous eu le temps de regarder ?\nEssai gratuit : https://replyshield.io/essai-gratuit","Dernier message, promis.","Je ferme votre dossier demain Isabelle. Offre toujours disponible : https://replyshield.io/essai-gratuit"
"lucie.roux@centreautolucie.fr","Lucie","Roux","+33674157180","Centre Auto Lucie","Automobile","Nice","83 rue de la Paix 40635 Nice","+33317092558","https://www.centreautolucie.fr","3.9","2024","1922","Lucie, 90 avis attendent votre réponse","Lucie,\n\nVotre établissement Centre Auto Lucie a 2024 avis Google et 1922 sont restés sans réponse.\n\nChaque avis ignoré coûte des clients à votre établissement.\n\nReplyShield répond automatiquement à chaque avis en 30 secondes.\n\nEssai gratuit 14 jours :\nhttps://replyshield.io/essai-gratuit\n\nManus de ReplyShield","Juste un rappel, Lucie 👋","Lucie, avez-vous eu le temps de regarder ?\nEssai gratuit : https://replyshield.io/essai-gratuit","Dernier message, promis.","Je ferme votre dossier demain Lucie. Offre toujours disponible : https://replyshield.io/essai-gratuit"
"françois.durand@salonfrançois.fr","François","Durand","+33689688060","Salon François","Beauté","Rennes","185 rue de la Paix 86008 Rennes","+33495702011","https://www.salonfrançois.fr","4.4","4906","4219","François, 70 avis attendent votre réponse","François,\n\nVotre établissement Salon François a 4906 avis Google et 4219 sont restés sans réponse.\n\nChaque avis ignoré coûte des clients à votre établissement.\n\nReplyShield répond automatiquement à chaque avis en 30 secondes.\n\nEssai gratuit 14 jours :\nhttps://replyshield.io/essai-gratuit\n\nManus de ReplyShield","Juste un rappel, François 👋","François, avez-vous eu le temps de regarder ?\nEssai gratuit : https://replyshield.io/essai-gratuit","Dernier message, promis.","Je ferme votre dossier demain François. Offre toujours disponible : https://replyshield.io/essai-gratuit"
"sylvie.roux@chezsylvie.fr","Sylvie","Roux","+33620972803","Chez Sylvie","Restauration","Nice","137 rue de la Paix 91810 Nice","+33222744044","https://www.chezsylvie.fr","4.0","4937","3110","Sylvie, 62 avis attendent votre réponse","Sylvie,\n\nVotre établissement Chez Sylvie a 4937 avis Google et 3110 sont restés sans réponse.\n\nChaque avis ignoré coûte des clients à votre établissement.\n\nReplyShield répond automatiquement à chaque avis en 30 secondes.\n\nEssai gratuit 14 jours :\nhttps://replyshield.io/essai-gratuit\n\nManus de ReplyShield","Juste un rappel, Sylvie 👋","Sylvie, avez-vous eu le temps de regarder ?\nEssai gratuit : https://replyshield.io/essai-gratuit","Dernier message, promis.","Je ferme votre dossier demain Sylvie. Offre toujours disponible : https://replyshield.io/essai-gratuit"
"nathalie.richard@hôtelnathalie.fr","Nathalie","Richard","+33668930847","Hôtel Nathalie","Hôtellerie","Nantes","44 rue de la Paix 29936 Nantes","+33212432583","https://www.hôtelnathalie.fr","4.1","1481","1303","Nathalie, 70 avis attendent votre réponse","Nathalie,\n\nVotre établissement Hôtel Nathalie a 1481 avis Google et 1303 sont restés sans réponse.\n\nChaque avis ignoré coûte des clients à votre établissement.\n\nReplyShield répond automatiquement à chaque avis en 30 secondes.\n\nEssai gratuit 14 jours :\nhttps://replyshield.io/essai-gratuit\n\nManus de ReplyShield","Juste un rappel, Nathalie 👋","Nathalie, avez-vous eu le temps de regarder ?\nEssai gratuit : https://replyshield.io/essai-gratuit","Dernier message, promis.","Je ferme votre dossier demain Nathalie. Offre toujours disponible : https://replyshield.io/essai-gratuit"
"céline.martin@coiffurecéline.fr","Céline","Martin","+33682769739","Coiffure Céline","Beauté","Rennes","156 rue de la Paix 29007 Rennes","+33368995479","https://www.coiffurecéline.fr","3.6","4926","3940","Céline, 86 avis attendent votre réponse","Céline,\n\nVotre établissement Coiffure Céline a 4926 avis Google et 3940 sont restés sans réponse.\n\nChaque avis ignoré coûte des clients à votre établissement.\n\nReplyShield répond automatiquement à chaque avis en 30 secondes.\n\nEssai gratuit 14 jours :\nhttps://replyshield.io/essai-gratuit\n\nManus de ReplyShield","Juste un rappel, Céline 👋","Céline, avez-vous eu le temps de regarder ?\nEssai gratuit : https://replyshield.io/essai-gratuit","Dernier message, promis.","Je ferme votre dossier demain Céline. Offre toujours disponible : https://replyshield.io/essai-gratuit"
"valérie.garcia@centreautovalérie.fr","Valérie","Garcia","+33616330893","Centre Auto Valérie","Automobile","Bordeaux","119 rue de la Paix 52814 Bordeaux","+33270305576","https://www.centreautovalérie.fr","3.7","592","372","Valérie, 74 avis attendent votre réponse","Valérie,\n\nVotre établissement Centre Auto Valérie a 592 avis Google et 372 sont restés sans réponse.\n\nChaque avis ignoré coûte des clients à votre établissement.\n\nReplyShield répond automatiquement à chaque avis en 30 secondes.\n\nEssai gratuit 14 jours :\nhttps://replyshield.io/essai-gratuit\n\nManus de ReplyShield","Juste un rappel, Valérie 👋","Valérie, avez-vous eu le temps de regarder ?\nEssai gratuit : https://replyshield.io/essai-gratuit","Dernier message, promis.","Je ferme votre dossier demain Valérie. Offre toujours disponible : https://replyshield.io/essai-gratuit"
"aurélie.richard@peintureaurélie.fr","Aurélie","Richard","+33632797661","Peinture Aurélie","Artisanat","Bordeaux","164 rue de la Paix 45899 Bordeaux","+33463123538","https://www.peintureaurélie.fr","3.6","4175","2880","Aurélie, 59 avis attendent votre réponse","Aurélie,\n\nVotre établissement Peinture Aurélie a 4175 avis Google et 2880 sont restés sans réponse.\n\nChaque avis ignoré coûte des clients à votre établissement.\n\nReplyShield répond automatiquement à chaque avis en 30 secondes.\n\nEssai gratuit 14 jours :\nhttps://replyshield.io/essai-gratuit\n\nManus de ReplyShield","Juste un rappel, Aurélie 👋","Aurélie, avez-vous eu le temps de regarder ?\nEssai gratuit : https://replyshield.io/essai-gratuit","Dernier message, promis.","Je ferme votre dossier demain Aurélie. Offre toujours disponible : https://replyshield.io/essai-gratuit"
"david.moreau@brasseriedavid.fr","David","Moreau","+33690222378","Brasserie David","Restauration","Bruxelles","42 rue de la Paix 58506 Bruxelles","+33395583689","","3.9","1891","1682","David, 61 avis attendent votre réponse","David,\n\nVotre établissement Brasserie David a 1891 avis Google et 1682 sont restés sans réponse.\n\nChaque avis ignoré coûte des clients à votre établissement.\n\nReplyShield répond automatiquement à chaque avis en 30 secondes.\n\nEssai gratuit 14 jours :\nhttps://replyshield.io/essai-gratuit\n\nManus de ReplyShield","Juste un rappel, David 👋","David, avez-vous eu le temps de regarder ?\nEssai gratuit : https://replyshield.io/essai-gratuit","Dernier message, promis.","Je ferme votre dossier demain David. Offre toujours disponible : https://replyshield.io/essai-gratuit"
"david.thomas@magasindavid.fr","David","Thomas","+33629403324","Magasin David","Commerce","Marseille","188 rue de la Paix 37472 Marseille","+33428934564","","4.1","1756","1158","David, 56 avis attendent votre réponse","David,\n\nVotre établissement Magasin David a 1756 avis Google et 1158 sont restés sans réponse.\n\nChaque avis ignoré coûte des clients à votre établissement.\n\nReplyShield répond automatiquement à chaque avis en 30 secondes.\n\nEssai gratuit 14 jours :\nhttps://replyshield.io/essai-gratuit\n\nManus de ReplyShield","Juste un rappel, David 👋","David, avez-vous eu le temps de regarder ?\nEssai gratuit : https://replyshield.io/essai-gratuit","Dernier message, promis.","Je ferme votre dossier demain David. Offre toujours disponible : https://replyshield.io/essai-gratuit"
"claire.michel@électricitéclaire.fr","Claire","Michel","+33671186173","Électricité Claire","Artisanat","Paris","65 rue de la Paix 22348 Paris","+33361363399","","4.3","1352","1270","Claire, 93 avis attendent votre réponse","Claire,\n\nVotre établissement Électricité Claire a 1352 avis Google et 1270 sont restés sans réponse.\n\nChaque avis ignoré coûte des clients à votre établissement.\n\nReplyShield répond automatiquement à chaque avis en 30 secondes.\n\nEssai gratuit 14 jours :\nhttps://replyshield.io/essai-gratuit\n\nManus de ReplyShield","Juste un rappel, Claire 👋","Claire, avez-vous eu le temps de regarder ?\nEssai gratuit : https://replyshield.io/essai-gratuit","Dernier message, promis.","Je ferme votre dossier demain Claire. Offre toujours disponible : https://replyshield.io/essai-gratuit"
"stéphane.lefebvre@boutiquestéphane.fr","Stéphane","Lefebvre","+33681692752","Boutique Stéphane","Commerce","Nantes","117 rue de la Paix 88233 Nantes","+33117746084","https://www.boutiquestéphane.fr","4.5","663","609","Stéphane, 66 avis attendent votre réponse","Stéphane,\n\nVotre établissement Boutique Stéphane a 663 avis Google et 609 sont restés sans réponse.\n\nChaque avis ignoré coûte des clients à votre établissement.\n\nReplyShield répond automatiquement à chaque avis en 30 secondes.\n\nEssai gratuit 14 jours :\nhttps://replyshield.io/essai-gratuit\n\nManus de ReplyShield","Juste un rappel, Stéphane 👋","Stéphane, avez-vous eu le temps de regarder ?\nEssai gratuit : https://replyshield.io/essai-gratuit","Dernier message, promis.","Je ferme votre dossier demain Stéphane. Offre toujours disponible : https://replyshield.io/essai-gratuit"
